--
-- Table structure for table `building`
--
DROP TABLE IF EXISTS `building`;
/*!40101 SET @saved_cs_client     = @@character_set_client */;
/*!40101 SET character_set_client = utf8 */;
CREATE TABLE `building` (
  `building_id` int(11) NOT NULL AUTO_INCREMENT,
  `building_name` varchar(45) DEFAULT NULL COMMENT 'Such as Academic Building - A ,IIT Bulding etc',
  `building_code` varchar(10) DEFAULT NULL COMMENT 'such as : A , B , A-Ext',
  PRIMARY KEY (`building_id`),
  UNIQUE KEY `building_idx_unique` (`building_name`,`building_code`)
) ENGINE=InnoDB AUTO_INCREMENT=7 DEFAULT CHARSET=latin1;
--
-- Dumping data for table `building`
--
INSERT INTO `building` VALUES (1,'IICT-Building','IICT'), (2,'A-Building','A'),(3,'B-Building','B'),(4,'C-Building','C'),(5,'D-Building','D'),(6,'E-Building','E');






--
-- Table structure for table `department`
--
DROP TABLE IF EXISTS `department`;
/*!40101 SET @saved_cs_client     = @@character_set_client */;
/*!40101 SET character_set_client = utf8 */;
CREATE TABLE `department` (
  `dept_id` int(11) NOT NULL AUTO_INCREMENT,
  `dept_name` varchar(30) NOT NULL,
  `dept_code` varchar(30) NOT NULL,
  `building_id` int(11) NOT NULL,
  PRIMARY KEY (`dept_id`),
  UNIQUE KEY `department_unique` (`dept_code`,`dept_name`),
  KEY `department_building_fk` (`building_id`),
  CONSTRAINT `department_building_fk` FOREIGN KEY (`building_id`) REFERENCES `building` (`building_id`) ON DELETE NO ACTION ON UPDATE NO ACTION
) ENGINE=InnoDB AUTO_INCREMENT=5 DEFAULT CHARSET=latin1 COMMENT='Contains information about dept.';
--
-- Dumping data for table `department`
--
INSERT INTO `department` VALUES (1,'Computer Science & Engineering','CSE',1),(2,'Electrical Engineering','EEE',1),(3,'Physics','PHY',2),(4,'Statistics','STA',5),(5,'Mathematics','MAT',5),(6,'Industrial and Production Engineering','IPE',5),(7,'English','ENG',6);



--
-- Table structure for table `designation`
--

DROP TABLE IF EXISTS `designation`;
/*!40101 SET @saved_cs_client     = @@character_set_client */;
/*!40101 SET character_set_client = utf8 */;
CREATE TABLE `designation` (
  `desig_id` int(11) NOT NULL AUTO_INCREMENT,
  `desig_name` varchar(50) NOT NULL,
  `desig_desc` varchar(200) DEFAULT NULL COMMENT 'deisgnation description',
  PRIMARY KEY (`desig_id`),
  UNIQUE KEY `designation_unique` (`desig_name`)
) ENGINE=InnoDB AUTO_INCREMENT=4 DEFAULT CHARSET=latin1 COMMENT='Designation of instructor';
--
-- Dumping data for table `designation`
--
INSERT INTO `designation` VALUES (1,'Professor',NULL),(2,'Asst. Professor',NULL),(3,'Lecturer',NULL);






--
-- Table structure for table `teacher`
--
DROP TABLE IF EXISTS `teacher`;
/*!40101 SET @saved_cs_client     = @@character_set_client */;
/*!40101 SET character_set_client = utf8 */;
CREATE TABLE `teacher` (
  `instructor_id` int(20) NOT NULL AUTO_INCREMENT,
  `employee_code` varchar(30) NOT NULL,
  `dept_id` int(11) NOT NULL,
  `desig_id` int(11) NOT NULL,
  `is_permanent` tinyint(1) NOT NULL,
  `email` varchar(30) NOT NULL,
  `is_available` tinyint(1) NOT NULL,
  `contact_no` bigint(18) NOT NULL,
  `full_name` varchar(50) NOT NULL,
  PRIMARY KEY (`instructor_id`),
  UNIQUE KEY `teacher_unique` (`employee_code`,`dept_id`),
  KEY `designation_teacher_fk` (`desig_id`),
  KEY `department_teacher_fk` (`dept_id`),
  CONSTRAINT `department_teacher_fk` FOREIGN KEY (`dept_id`) REFERENCES `department` (`dept_id`) ON DELETE NO ACTION ON UPDATE NO ACTION,
  CONSTRAINT `designation_teacher_fk` FOREIGN KEY (`desig_id`) REFERENCES `designation` (`desig_id`) ON DELETE NO ACTION ON UPDATE NO ACTION
) ENGINE=InnoDB AUTO_INCREMENT=9 DEFAULT CHARSET=latin1 COMMENT='Contains about instructor details.';
--
-- Dumping data for table `teacher`
--
INSERT INTO `teacher`
VALUES (1,'MSC',1,3,1,'msc@gamilc.om',1,8801700002255,'Mehruba Sermin Chowdhury'),
(2,'SNM',1,3,1,'snm@gmail.com',1,880167001122212,'Sheikh Nabil Md'),
(3,'BPC',1,3,1,'bpc@gmail.com',1,8801845665544,'Biswa Prio Chakravarti'),
(4,'MZI',1,1,1,'mzi@gmail.com',1,8801711554455,'Muhammad Zafar Iqbal'),
(5,'HAC',1,2,1,'hac@gmail.com',1,8801457898652,'Hosne Ara Chowdhury'),
(6,'MJI',1,1,1,'MJI@gmail.com',1,8801245898656,'Md Johirul Islam'),
(7,'AN',1,2,1,'an@gamil.com',1,88012454879665456,'Abu Naser'),
(8,'SI',1,3,1,'si@gmail.com',1,88012546544564554,'Saber Ismail'),
(9,'MSI',1,3,1,'msi@gmail.com',1,88017125487544,'Md Saiful Islam');







--
-- Table structure for table `student`
--
DROP TABLE IF EXISTS `student`;
/*!40101 SET @saved_cs_client     = @@character_set_client */;
/*!40101 SET character_set_client = utf8 */;
CREATE TABLE `student` (
  `student_id` bigint(20) NOT NULL AUTO_INCREMENT,
  `registration_no` int(11) NOT NULL,
  `email_no` varchar(30) NOT NULL,
  `dept_id` int(11) NOT NULL,
  `contact_no` varchar(30) NOT NULL,
  `Address` varchar(90) DEFAULT NULL,
  `first_name` varchar(30) NOT NULL,
  `last_name` varchar(30) NOT NULL,
  `marital_status` varchar(30) DEFAULT NULL,
  `blood_group` varchar(30) DEFAULT NULL,
  `religion` varchar(30) DEFAULT NULL,
  `date_of_birth` date DEFAULT NULL,
  `gender` varchar(30) NOT NULL,
  PRIMARY KEY (`student_id`),
  UNIQUE KEY `student_idx_unique` (`registration_no`),
  KEY `department_student_fk` (`dept_id`),
  CONSTRAINT `department_student_fk` FOREIGN KEY (`dept_id`) REFERENCES `department` (`dept_id`) ON DELETE NO ACTION ON UPDATE NO ACTION
) ENGINE=InnoDB DEFAULT CHARSET=latin1 COMMENT='Contains about student information';
--
-- Dumping data for table `student`
--
LOCK TABLES `student` WRITE;
/*!40000 ALTER TABLE `student` DISABLE KEYS */;

/*!40000 ALTER TABLE `student` ENABLE KEYS */;
UNLOCK TABLES;


--
-- Table structure for table `general_type`
--

DROP TABLE IF EXISTS `general_type`;
/*!40101 SET @saved_cs_client     = @@character_set_client */;
/*!40101 SET character_set_client = utf8 */;
CREATE TABLE `general_type` (
  `general_type_id` int(11) NOT NULL AUTO_INCREMENT,
  `type` varchar(50) NOT NULL,
  PRIMARY KEY (`general_type_id`),
  UNIQUE KEY `general_type_idx_unique` (`type`)
) ENGINE=InnoDB AUTO_INCREMENT=5 DEFAULT CHARSET=latin1;
--
-- Dumping data for table `general_type`
--
INSERT INTO `general_type` VALUES (2,'Computer Lab'),(3,'Electrical Lab'),(4,'Physics Lab'),(1,'Theory'),(5, 'Gallery');






--
-- Table structure for table `course`
--
DROP TABLE IF EXISTS `course`;
/*!40101 SET @saved_cs_client     = @@character_set_client */;
/*!40101 SET character_set_client = utf8 */;
CREATE TABLE `course` (
  `course_id` int(11) NOT NULL AUTO_INCREMENT,
  `course_code` varchar(30) NOT NULL,
  `course_title` varchar(100) NOT NULL,
  `semester` varchar(10) NOT NULL,
  `session` int(11) NOT NULL,
  `offering_dept` varchar(30) NOT NULL,
  `accepting_dept` varchar(30) NOT NULL,
  `general_type_id` int(11) NOT NULL,
  `credit` decimal(2,1) NOT NULL,
  `hour` int(11) DEFAULT NULL,
  `credit_hour` int(11) DEFAULT NULL,
  PRIMARY KEY (`course_id`),
  UNIQUE KEY `course_unique` (`course_code`,`offering_dept`,`accepting_dept`,`session`,`course_title`),
  KEY `general_type_course_fk1` (`general_type_id`) USING BTREE,
  CONSTRAINT `general_type_course_fk` FOREIGN KEY (`general_type_id`) REFERENCES `general_type` (`general_type_id`) ON DELETE NO ACTION ON UPDATE NO ACTION
) ENGINE=InnoDB AUTO_INCREMENT=46 DEFAULT CHARSET=latin1 COMMENT='Contains course information';
--
-- Dumping data for table `course`
--
INSERT INTO `course` VALUES
(13,'CSE 133','Structured Programming Language','1/1',2014,'CSE','CSE',1,3.0,3,3),
(14,'CSE 134','Structured Programming Language Lab','1/1',2014,'CSE','CSE',2,3.0,6,6),
(15,'CSE 143','DIscrete Mathematics','1/1',2014,'CSE','CSE',1,3.0,3,3),
(16,'CSE 144','Discrete Mathematics Lab','1/1',2014,'CSE','CSE',2,1.5,3,3),
(17,'EEE 109Q','Electrical Circuits','1/1',2014,'EEE','CSE',1,3.0,3,3),
(18,'EEE 110Q','Electrical Circuits Lab','1/1',2014,'EEE','CSE',3,1.5,3,3),
(19,'MAT 102D','Mattices, Vector Analysis and Geometry','1/1',2014,'MAT','CSE',1,4.0,4,4),
(20,'ENG 101','English Langauge I','1/1',2014,'ENG','CSE',1,2.0,2,2),
(21,'ENG 102','English Language I Lab','1/1',2014,'ENG','CSE',2,1.0,2,2),
(22,'EEE 201Q','Digital Logic Design','2/1',2013,'EEE','CSE',1,3.0,3,3),
(23,'EEE 202Q','Digital Logic Design Lab','2/1',2013,'EEE','CSE',3,2.0,4,4),
(24,'CSE 237','Algorithm Design & Analysis','2/1',2013,'CSE','CSE',1,3.0,3,3),
(25,'CSE 238','Algorithm Design & Analysis Lab','2/1',2013,'CSE','CSE',2,1.5,3,3),
(26,'BAN 243','Cost and Management Accounting','2/1',2013,'BAN','CSE',1,3.0,3,3),
(27,'PHY 207','Electromagnetism,Optics & Modern Physics','2/1',2013,'PHY','CSE',1,3.0,3,3),
(28,'PHY 222B','Basic Physics Lab','2/1',2013,'PHY','CSE',4,1.5,3,3),
(29,'STA 202','Basic Statistics & Probability','2/1',2013,'STA','CSE',1,4.0,4,4),
(30,'CSE 333','Database System','3/1',2012,'CSE','CSE',1,3.0,0,3),
(31,'CSE 334','Database System Lab','3/1',2012,'CSE','CSE',2,3.0,2,6),
(32,'CSE-335','Operating System & System Programming','3/1',2012,'CSE','CSE',1,3.0,0,3),
(33,'CSE 336','Operating System & System Programming Lab','3/1',2012,'CSE','CSE',2,1.5,0,3),
(34,'CSE 351','Management Information Systems','3/1',2012,'CSE','CSE',1,3.0,1,3),
(35,'CSE 365','Communication Engineering','3/1',2012,'CSE','CSE',1,3.0,0,3),
(36,'CSE 366','Communication Engineering Lab','3/1',2012,'CSE','CSE',2,1.5,1,3),
(37,'CSE 367','Microprocessor & Interfacing','3/1',2012,'CSE','CSE',1,3.0,1,3),
(38,'CSE 368','Microporcessor & Interfacing Lab','3/1',2012,'CSE','CSE',2,1.5,3,3),
(39,'CSE 400','Project','4/1',2011,'CSE','CSE',2,2.0,4,4),
(40,'CSE 433','Artificial Intelligence','4/1',2011,'CSE','CSE',1,3.0,3,3),
(41,'CSE 434','Artificial Intelligence Lab','4/1',2011,'CSE','CSE',2,1.5,3,3),
(42,'CSE 439','Compiler Construction','4/1',2011,'CSE','CSE',1,3.0,3,3),
(43,'CSE 440','Compiler Construction Lab','4/1',2011,'CSE','CSE',2,1.5,3,3),
(44,'CSE 445','Web Engineering','4/1',2011,'CSE','CSE',1,2.0,2,2),
(45,'CSE 446','Web Engineering Lab','4/1',2011,'CSE','CSE',2,1.5,3,3);






--
-- Table structure for table `course_reg`
--
DROP TABLE IF EXISTS `course_reg`;
/*!40101 SET @saved_cs_client     = @@character_set_client */;
/*!40101 SET character_set_client = utf8 */;
CREATE TABLE `course_reg` (
  `course_reg_id` bigint(20) NOT NULL AUTO_INCREMENT,
  `student_id` bigint(20) NOT NULL,
  `course_id` int(11) NOT NULL,
  PRIMARY KEY (`course_reg_id`),
  UNIQUE KEY `course_reg_unique` (`student_id`,`course_id`),
  CONSTRAINT `course_course_reg_fk` FOREIGN KEY (`course_id`) REFERENCES `course` (`course_id`) ON DELETE NO ACTION ON UPDATE NO ACTION,
  CONSTRAINT `student_course_reg_fk` FOREIGN KEY (`student_id`) REFERENCES `student` (`student_id`) ON DELETE NO ACTION ON UPDATE NO ACTION
) ENGINE=InnoDB DEFAULT CHARSET=latin1;
--
-- Dumping data for table `course_reg`
--
LOCK TABLES `course_reg` WRITE;
/*!40000 ALTER TABLE `course_reg` DISABLE KEYS */;
/*!40000 ALTER TABLE `course_reg` ENABLE KEYS */;
UNLOCK TABLES;

-- insert query in below



--
-- Table structure for table `teaches`
--
DROP TABLE IF EXISTS `teaches`;
/*!40101 SET @saved_cs_client     = @@character_set_client */;
/*!40101 SET character_set_client = utf8 */;
CREATE TABLE `teaches` (
  `teaches_id` int(11) NOT NULL AUTO_INCREMENT,
  `course_id` int(11) NOT NULL,
  `instructor_id` int(20) NOT NULL,
  PRIMARY KEY (`teaches_id`),
  UNIQUE KEY `teaches_unique` (`course_id`,`instructor_id`),
  KEY `teacher_teaches_fk` (`instructor_id`),
  CONSTRAINT `course_teaches_fk` FOREIGN KEY (`course_id`) REFERENCES `course` (`course_id`) ON DELETE NO ACTION ON UPDATE NO ACTION,
  CONSTRAINT `teacher_teaches_fk` FOREIGN KEY (`instructor_id`) REFERENCES `teacher` (`instructor_id`) ON DELETE NO ACTION ON UPDATE NO ACTION
) ENGINE=InnoDB AUTO_INCREMENT=10 DEFAULT CHARSET=latin1;
--
-- Dumping data for table `teaches`
--
INSERT INTO `teaches` VALUES (4,30,4),(7,31,4),(8,32,5),(9,33,5),(2,34,2),(3,35,3),(5,36,3),(1,37,1),(6,38,1);





--
-- Table structure for table `room`
--
DROP TABLE IF EXISTS `room`;
/*!40101 SET @saved_cs_client     = @@character_set_client */;
/*!40101 SET character_set_client = utf8 */;
CREATE TABLE `room` (
  `room_id` int(11) NOT NULL AUTO_INCREMENT,
  `room_num` int(11) NOT NULL,
  `building_id` int(11) NOT NULL,
  `general_type_id` int(11) NOT NULL,
  `hour` int(11) NOT NULL,
  PRIMARY KEY (`room_id`),
  UNIQUE KEY `room_idx_unique` (`room_num`,`building_id`),
  KEY `general_type_room_fk` (`general_type_id`),
  KEY `building_room_fk` (`building_id`),
  CONSTRAINT `building_room_fk` FOREIGN KEY (`building_id`) REFERENCES `building` (`building_id`) ON DELETE NO ACTION ON UPDATE NO ACTION,
  CONSTRAINT `general_type_room_fk` FOREIGN KEY (`general_type_id`) REFERENCES `general_type` (`general_type_id`) ON DELETE NO ACTION ON UPDATE NO ACTION
) ENGINE=InnoDB AUTO_INCREMENT=4 DEFAULT CHARSET=latin1;
--
-- Dumping data for table `room`
--
INSERT INTO `room` VALUES (1,329,1,1,9),(2,330,1,2,9),(3,113,2,2,9),(4,103,1,5,9),(5,105,1,5,9);





--
-- Table structure for table `exam_routine`
--

DROP TABLE IF EXISTS `exam_routine`;

CREATE TABLE `exam_routine` (
    `exam_routine_id` int(11) NOT NULL AUTO_INCREMENT,
    `exam_date` date NOT NULL,
    `time` time DEFAULT '9:30:00',
    `room_1_id` int(11) NOT NULL,
    `room_2_id` int(11),
    `course_id` int(11) NOT NULL,
    `course_code` varchar(30) NOT NULL,
    `semester` varchar(10) NOT NULL,
    `dept` varchar(30),
    PRIMARY KEY (`exam_routine_id`),
    CONSTRAINT `course_id_fk` FOREIGN KEY (`course_id`) REFERENCES `course` (`course_id`) ON DELETE CASCADE ON UPDATE CASCADE
    ) ENGINE=InnoDB DEFAULT CHARSET=latin1;
--
-- Dumping data for table `exam_routine`
--
INSERT INTO `exam_routine` VALUES
(1,'2015-09-03','9:30:00',4,5,13,'CSE 133','1/1','CSE'),
(2,'2015-09-14','9:30:00',4,5,15,'CSE 143','1/1','CSE'),
(3,'2015-09-15','9:30:00',4,5,17,'EEE 109Q','1/1','CSE'),
(4,'2016-01-26','9:30:00',4,5,37,'CSE 367','3/1','CSE'),
(5,'2016-03-02','9:30:00',4,5,42,'CSE 439','4/1','CSE'),
(6,'2016-03-16','9:30:00',4,5,40,'CSE 433','4/1','CSE'),
(7,'2016-04-06','9:30:00',4,5,35,'CSE 365','3/1','CSE'),
(8,'2016-04-07','9:30:00',4,5,29,'STA 202','2/1','CSE'),
(9,'2016-04-04','9:30:00',4,5,30,'CSE 333','3/1','CSE'),
(10,'2016-04-07','9:30:00',4,5,32,'CSE 335','3/1','CSE');





--
-- Table structure for table `invigilator`
--

DROP TABLE IF EXISTS `invigilators`;
        
CREATE TABLE `invigilators` (
    `i_id` int(11) NOT NULL AUTO_INCREMENT,
    `exam_routine_id` int(11) NOT NULL,
    `chief_invigilator` int(20) NOT NULL,
    `invigilator1` int(20) NOT NULL,
    `invigilator2` int(20) NOT NULL,
    `invigilator3` int(20),
    `invigilator4` int(20),
    PRIMARY KEY(`i_id`),
    CONSTRAINT `exam_routine_id_fk` FOREIGN KEY(`exam_routine_id`) REFERENCES exam_routine(`exam_routine_id`)ON DELETE CASCADE ON UPDATE CASCADE
    ) ENGINE = InnoDB DEFAULT CHARSET = latin1;

INSERT INTO `invigilators` VALUES 
(1,1,6,1,2,3,4),(2,2,4,1,2,3,5),(3,3,6,1,2,7,8),(4,4,5,6,9,3,4),
(5,5,6,1,2,3,4),(6,6,4,1,2,3,5),(7,7,6,1,2,7,8),(8,8,5,6,9,3,4),
(9,9,6,1,2,3,4),(10,10,4,1,2,3,5);





-- populating student table with dummy data
INSERT INTO `student` VALUES (1,2011331001,"2011331001@sust.edu",1,"8801xxxxxxxxx","xyz street,sylhet", "abc","def","single","A/B/AB/O","islam/hindu/others","1995-12-12","male"),(2,2011331002,"2011331002@sust.edu",1,"8801xxxxxxxxx","xyz street,sylhet", "abc","def","single","A/B/AB/O","islam/hindu/others","1995-12-12","male"),(3,2011331003,"2011331003@sust.edu",1,"8801xxxxxxxxx","xyz street,sylhet", "abc","def","single","A/B/AB/O","islam/hindu/others","1995-12-12","female"),(4,2011331004,"2011331004@sust.edu",1,"8801xxxxxxxxx","xyz street,sylhet", "abc","def","single","A/B/AB/O","islam/hindu/others","1995-12-12","male"),(5,2011331005,"2011331005@sust.edu",1,"8801xxxxxxxxx","xyz street,sylhet", "abc","def","single","A/B/AB/O","islam/hindu/others","1995-12-12","male"),(6,2011331006,"2011331006@sust.edu",1,"8801xxxxxxxxx","xyz street,sylhet", "abc","def","single","A/B/AB/O","islam/hindu/others","1995-12-12","female"),(7,2011331007,"2011331007@sust.edu",1,"8801xxxxxxxxx","xyz street,sylhet", "abc","def","single","A/B/AB/O","islam/hindu/others","1995-12-12","male"),(8,2011331008,"2011331008@sust.edu",1,"8801xxxxxxxxx","xyz street,sylhet", "abc","def","single","A/B/AB/O","islam/hindu/others","1995-12-12","male"),(9,2011331009,"2011331009@sust.edu",1,"8801xxxxxxxxx","xyz street,sylhet", "abc","def","single","A/B/AB/O","islam/hindu/others","1995-12-12","female"),(10,2011331010,"2011331010@sust.edu",1,"8801xxxxxxxxx","xyz street,sylhet", "abc","def","single","A/B/AB/O","islam/hindu/others","1995-12-12","male"),(11,2011331011,"2011331011@sust.edu",1,"8801xxxxxxxxx","xyz street,sylhet", "abc","def","single","A/B/AB/O","islam/hindu/others","1995-12-12","male"),(12,2011331012,"2011331012@sust.edu",1,"8801xxxxxxxxx","xyz street,sylhet", "abc","def","single","A/B/AB/O","islam/hindu/others","1995-12-12","female"),(13,2011331013,"2011331013@sust.edu",1,"8801xxxxxxxxx","xyz street,sylhet", "abc","def","single","A/B/AB/O","islam/hindu/others","1995-12-12","male"),(14,2011331014,"2011331014@sust.edu",1,"8801xxxxxxxxx","xyz street,sylhet", "abc","def","single","A/B/AB/O","islam/hindu/others","1995-12-12","male"),(15,2011331015,"2011331015@sust.edu",1,"8801xxxxxxxxx","xyz street,sylhet", "abc","def","single","A/B/AB/O","islam/hindu/others","1995-12-12","female"),(16,2011331016,"2011331016@sust.edu",1,"8801xxxxxxxxx","xyz street,sylhet", "abc","def","single","A/B/AB/O","islam/hindu/others","1995-12-12","male"),(17,2011331017,"2011331017@sust.edu",1,"8801xxxxxxxxx","xyz street,sylhet", "abc","def","single","A/B/AB/O","islam/hindu/others","1995-12-12","male"),(18,2011331018,"2011331018@sust.edu",1,"8801xxxxxxxxx","xyz street,sylhet", "abc","def","single","A/B/AB/O","islam/hindu/others","1995-12-12","female"),(19,2011331019,"2011331019@sust.edu",1,"8801xxxxxxxxx","xyz street,sylhet", "abc","def","single","A/B/AB/O","islam/hindu/others","1995-12-12","male"),(20,2011331020,"2011331020@sust.edu",1,"8801xxxxxxxxx","xyz street,sylhet", "abc","def","single","A/B/AB/O","islam/hindu/others","1995-12-12","male"),(21,2011331021,"2011331021@sust.edu",1,"8801xxxxxxxxx","xyz street,sylhet", "abc","def","single","A/B/AB/O","islam/hindu/others","1995-12-12","female"),(22,2011331022,"2011331022@sust.edu",1,"8801xxxxxxxxx","xyz street,sylhet", "abc","def","single","A/B/AB/O","islam/hindu/others","1995-12-12","male"),(23,2011331023,"2011331023@sust.edu",1,"8801xxxxxxxxx","xyz street,sylhet", "abc","def","single","A/B/AB/O","islam/hindu/others","1995-12-12","male"),(24,2011331024,"2011331024@sust.edu",1,"8801xxxxxxxxx","xyz street,sylhet", "abc","def","single","A/B/AB/O","islam/hindu/others","1995-12-12","female"),(25,2011331025,"2011331025@sust.edu",1,"8801xxxxxxxxx","xyz street,sylhet", "abc","def","single","A/B/AB/O","islam/hindu/others","1995-12-12","male"),(26,2011331026,"2011331026@sust.edu",1,"8801xxxxxxxxx","xyz street,sylhet", "abc","def","single","A/B/AB/O","islam/hindu/others","1995-12-12","male"),(27,2011331027,"2011331027@sust.edu",1,"8801xxxxxxxxx","xyz street,sylhet", "abc","def","single","A/B/AB/O","islam/hindu/others","1995-12-12","female"),(28,2011331028,"2011331028@sust.edu",1,"8801xxxxxxxxx","xyz street,sylhet", "abc","def","single","A/B/AB/O","islam/hindu/others","1995-12-12","male"),(29,2011331029,"2011331029@sust.edu",1,"8801xxxxxxxxx","xyz street,sylhet", "abc","def","single","A/B/AB/O","islam/hindu/others","1995-12-12","male"),(30,2011331030,"2011331030@sust.edu",1,"8801xxxxxxxxx","xyz street,sylhet", "abc","def","single","A/B/AB/O","islam/hindu/others","1995-12-12","female"),(31,2011331031,"2011331031@sust.edu",1,"8801xxxxxxxxx","xyz street,sylhet", "abc","def","single","A/B/AB/O","islam/hindu/others","1995-12-12","male"),(32,2011331032,"2011331032@sust.edu",1,"8801xxxxxxxxx","xyz street,sylhet", "abc","def","single","A/B/AB/O","islam/hindu/others","1995-12-12","male"),(33,2011331033,"2011331033@sust.edu",1,"8801xxxxxxxxx","xyz street,sylhet", "abc","def","single","A/B/AB/O","islam/hindu/others","1995-12-12","female"),(34,2011331034,"2011331034@sust.edu",1,"8801xxxxxxxxx","xyz street,sylhet", "abc","def","single","A/B/AB/O","islam/hindu/others","1995-12-12","male"),(35,2011331035,"2011331035@sust.edu",1,"8801xxxxxxxxx","xyz street,sylhet", "abc","def","single","A/B/AB/O","islam/hindu/others","1995-12-12","male"),(36,2011331036,"2011331036@sust.edu",1,"8801xxxxxxxxx","xyz street,sylhet", "abc","def","single","A/B/AB/O","islam/hindu/others","1995-12-12","female"),(37,2011331037,"2011331037@sust.edu",1,"8801xxxxxxxxx","xyz street,sylhet", "abc","def","single","A/B/AB/O","islam/hindu/others","1995-12-12","male"),(38,2011331038,"2011331038@sust.edu",1,"8801xxxxxxxxx","xyz street,sylhet", "abc","def","single","A/B/AB/O","islam/hindu/others","1995-12-12","male"),(39,2011331039,"2011331039@sust.edu",1,"8801xxxxxxxxx","xyz street,sylhet", "abc","def","single","A/B/AB/O","islam/hindu/others","1995-12-12","female"),(40,2011331040,"2011331040@sust.edu",1,"8801xxxxxxxxx","xyz street,sylhet", "abc","def","single","A/B/AB/O","islam/hindu/others","1995-12-12","male"),(41,2011331041,"2011331041@sust.edu",1,"8801xxxxxxxxx","xyz street,sylhet", "abc","def","single","A/B/AB/O","islam/hindu/others","1995-12-12","male"),(42,2011331042,"2011331042@sust.edu",1,"8801xxxxxxxxx","xyz street,sylhet", "abc","def","single","A/B/AB/O","islam/hindu/others","1995-12-12","female"),(43,2011331043,"2011331043@sust.edu",1,"8801xxxxxxxxx","xyz street,sylhet", "abc","def","single","A/B/AB/O","islam/hindu/others","1995-12-12","male"),(44,2011331044,"2011331044@sust.edu",1,"8801xxxxxxxxx","xyz street,sylhet", "abc","def","single","A/B/AB/O","islam/hindu/others","1995-12-12","male"),(45,2011331045,"2011331045@sust.edu",1,"8801xxxxxxxxx","xyz street,sylhet", "abc","def","single","A/B/AB/O","islam/hindu/others","1995-12-12","female"),(46,2011331046,"2011331046@sust.edu",1,"8801xxxxxxxxx","xyz street,sylhet", "abc","def","single","A/B/AB/O","islam/hindu/others","1995-12-12","male"),(47,2011331047,"2011331047@sust.edu",1,"8801xxxxxxxxx","xyz street,sylhet", "abc","def","single","A/B/AB/O","islam/hindu/others","1995-12-12","male"),(48,2011331048,"2011331048@sust.edu",1,"8801xxxxxxxxx","xyz street,sylhet", "abc","def","single","A/B/AB/O","islam/hindu/others","1995-12-12","female"),(49,2011331049,"2011331049@sust.edu",1,"8801xxxxxxxxx","xyz street,sylhet", "abc","def","single","A/B/AB/O","islam/hindu/others","1995-12-12","male"),(50,2011331050,"2011331050@sust.edu",1,"8801xxxxxxxxx","xyz street,sylhet", "abc","def","single","A/B/AB/O","islam/hindu/others","1995-12-12","male"),(51,2011331051,"2011331051@sust.edu",1,"8801xxxxxxxxx","xyz street,sylhet", "abc","def","single","A/B/AB/O","islam/hindu/others","1995-12-12","female"),(52,2011331052,"2011331052@sust.edu",1,"8801xxxxxxxxx","xyz street,sylhet", "abc","def","single","A/B/AB/O","islam/hindu/others","1995-12-12","male"),(53,2011331053,"2011331053@sust.edu",1,"8801xxxxxxxxx","xyz street,sylhet", "abc","def","single","A/B/AB/O","islam/hindu/others","1995-12-12","male"),(54,2011331054,"2011331054@sust.edu",1,"8801xxxxxxxxx","xyz street,sylhet", "abc","def","single","A/B/AB/O","islam/hindu/others","1995-12-12","female"),(55,2011331055,"2011331055@sust.edu",1,"8801xxxxxxxxx","xyz street,sylhet", "abc","def","single","A/B/AB/O","islam/hindu/others","1995-12-12","male"),(56,2011331056,"2011331056@sust.edu",1,"8801xxxxxxxxx","xyz street,sylhet", "abc","def","single","A/B/AB/O","islam/hindu/others","1995-12-12","male"),(57,2011331057,"2011331057@sust.edu",1,"8801xxxxxxxxx","xyz street,sylhet", "abc","def","single","A/B/AB/O","islam/hindu/others","1995-12-12","female"),(58,2011331058,"2011331058@sust.edu",1,"8801xxxxxxxxx","xyz street,sylhet", "abc","def","single","A/B/AB/O","islam/hindu/others","1995-12-12","male"),(59,2011331059,"2011331059@sust.edu",1,"8801xxxxxxxxx","xyz street,sylhet", "abc","def","single","A/B/AB/O","islam/hindu/others","1995-12-12","male"),(60,2011331060,"2011331060@sust.edu",1,"8801xxxxxxxxx","xyz street,sylhet", "abc","def","single","A/B/AB/O","islam/hindu/others","1995-12-12","female"),(61,2012331001,"2012331001@sust.edu",1,"8801xxxxxxxxx","xyz street,sylhet", "abc","def","single","A/B/AB/O","islam/hindu/others","1995-12-12","male"),(62,2012331002,"2012331002@sust.edu",1,"8801xxxxxxxxx","xyz street,sylhet", "abc","def","single","A/B/AB/O","islam/hindu/others","1995-12-12","male"),(63,2012331003,"2012331003@sust.edu",1,"8801xxxxxxxxx","xyz street,sylhet", "abc","def","single","A/B/AB/O","islam/hindu/others","1995-12-12","female"),(64,2012331004,"2012331004@sust.edu",1,"8801xxxxxxxxx","xyz street,sylhet", "abc","def","single","A/B/AB/O","islam/hindu/others","1995-12-12","male"),(65,2012331005,"2012331005@sust.edu",1,"8801xxxxxxxxx","xyz street,sylhet", "abc","def","single","A/B/AB/O","islam/hindu/others","1995-12-12","male"),(66,2012331006,"2012331006@sust.edu",1,"8801xxxxxxxxx","xyz street,sylhet", "abc","def","single","A/B/AB/O","islam/hindu/others","1995-12-12","female"),(67,2012331007,"2012331007@sust.edu",1,"8801xxxxxxxxx","xyz street,sylhet", "abc","def","single","A/B/AB/O","islam/hindu/others","1995-12-12","male"),(68,2012331008,"2012331008@sust.edu",1,"8801xxxxxxxxx","xyz street,sylhet", "abc","def","single","A/B/AB/O","islam/hindu/others","1995-12-12","male"),(69,2012331009,"2012331009@sust.edu",1,"8801xxxxxxxxx","xyz street,sylhet", "abc","def","single","A/B/AB/O","islam/hindu/others","1995-12-12","female"),(70,2012331010,"2012331010@sust.edu",1,"8801xxxxxxxxx","xyz street,sylhet", "abc","def","single","A/B/AB/O","islam/hindu/others","1995-12-12","male"),(71,2012331011,"2012331011@sust.edu",1,"8801xxxxxxxxx","xyz street,sylhet", "abc","def","single","A/B/AB/O","islam/hindu/others","1995-12-12","male"),(72,2012331012,"2012331012@sust.edu",1,"8801xxxxxxxxx","xyz street,sylhet", "abc","def","single","A/B/AB/O","islam/hindu/others","1995-12-12","female"),(73,2012331013,"2012331013@sust.edu",1,"8801xxxxxxxxx","xyz street,sylhet", "abc","def","single","A/B/AB/O","islam/hindu/others","1995-12-12","male"),(74,2012331014,"2012331014@sust.edu",1,"8801xxxxxxxxx","xyz street,sylhet", "abc","def","single","A/B/AB/O","islam/hindu/others","1995-12-12","male"),(75,2012331015,"2012331015@sust.edu",1,"8801xxxxxxxxx","xyz street,sylhet", "abc","def","single","A/B/AB/O","islam/hindu/others","1995-12-12","female"),(76,2012331016,"2012331016@sust.edu",1,"8801xxxxxxxxx","xyz street,sylhet", "abc","def","single","A/B/AB/O","islam/hindu/others","1995-12-12","male"),(77,2012331017,"2012331017@sust.edu",1,"8801xxxxxxxxx","xyz street,sylhet", "abc","def","single","A/B/AB/O","islam/hindu/others","1995-12-12","male"),(78,2012331018,"2012331018@sust.edu",1,"8801xxxxxxxxx","xyz street,sylhet", "abc","def","single","A/B/AB/O","islam/hindu/others","1995-12-12","female"),(79,2012331019,"2012331019@sust.edu",1,"8801xxxxxxxxx","xyz street,sylhet", "abc","def","single","A/B/AB/O","islam/hindu/others","1995-12-12","male"),(80,2012331020,"2012331020@sust.edu",1,"8801xxxxxxxxx","xyz street,sylhet", "abc","def","single","A/B/AB/O","islam/hindu/others","1995-12-12","male"),(81,2012331021,"2012331021@sust.edu",1,"8801xxxxxxxxx","xyz street,sylhet", "abc","def","single","A/B/AB/O","islam/hindu/others","1995-12-12","female"),(82,2012331022,"2012331022@sust.edu",1,"8801xxxxxxxxx","xyz street,sylhet", "abc","def","single","A/B/AB/O","islam/hindu/others","1995-12-12","male"),(83,2012331023,"2012331023@sust.edu",1,"8801xxxxxxxxx","xyz street,sylhet", "abc","def","single","A/B/AB/O","islam/hindu/others","1995-12-12","male"),(84,2012331024,"2012331024@sust.edu",1,"8801xxxxxxxxx","xyz street,sylhet", "abc","def","single","A/B/AB/O","islam/hindu/others","1995-12-12","female"),(85,2012331025,"2012331025@sust.edu",1,"8801xxxxxxxxx","xyz street,sylhet", "abc","def","single","A/B/AB/O","islam/hindu/others","1995-12-12","male"),(86,2012331026,"2012331026@sust.edu",1,"8801xxxxxxxxx","xyz street,sylhet", "abc","def","single","A/B/AB/O","islam/hindu/others","1995-12-12","male"),(87,2012331027,"2012331027@sust.edu",1,"8801xxxxxxxxx","xyz street,sylhet", "abc","def","single","A/B/AB/O","islam/hindu/others","1995-12-12","female"),(88,2012331028,"2012331028@sust.edu",1,"8801xxxxxxxxx","xyz street,sylhet", "abc","def","single","A/B/AB/O","islam/hindu/others","1995-12-12","male"),(89,2012331029,"2012331029@sust.edu",1,"8801xxxxxxxxx","xyz street,sylhet", "abc","def","single","A/B/AB/O","islam/hindu/others","1995-12-12","male"),(90,2012331030,"2012331030@sust.edu",1,"8801xxxxxxxxx","xyz street,sylhet", "abc","def","single","A/B/AB/O","islam/hindu/others","1995-12-12","female"),(91,2012331031,"2012331031@sust.edu",1,"8801xxxxxxxxx","xyz street,sylhet", "abc","def","single","A/B/AB/O","islam/hindu/others","1995-12-12","male"),(92,2012331032,"2012331032@sust.edu",1,"8801xxxxxxxxx","xyz street,sylhet", "abc","def","single","A/B/AB/O","islam/hindu/others","1995-12-12","male"),(93,2012331033,"2012331033@sust.edu",1,"8801xxxxxxxxx","xyz street,sylhet", "abc","def","single","A/B/AB/O","islam/hindu/others","1995-12-12","female"),(94,2012331034,"2012331034@sust.edu",1,"8801xxxxxxxxx","xyz street,sylhet", "abc","def","single","A/B/AB/O","islam/hindu/others","1995-12-12","male"),(95,2012331035,"2012331035@sust.edu",1,"8801xxxxxxxxx","xyz street,sylhet", "abc","def","single","A/B/AB/O","islam/hindu/others","1995-12-12","male"),(96,2012331036,"2012331036@sust.edu",1,"8801xxxxxxxxx","xyz street,sylhet", "abc","def","single","A/B/AB/O","islam/hindu/others","1995-12-12","female"),(97,2012331037,"2012331037@sust.edu",1,"8801xxxxxxxxx","xyz street,sylhet", "abc","def","single","A/B/AB/O","islam/hindu/others","1995-12-12","male"),(98,2012331038,"2012331038@sust.edu",1,"8801xxxxxxxxx","xyz street,sylhet", "abc","def","single","A/B/AB/O","islam/hindu/others","1995-12-12","male"),(99,2012331039,"2012331039@sust.edu",1,"8801xxxxxxxxx","xyz street,sylhet", "abc","def","single","A/B/AB/O","islam/hindu/others","1995-12-12","female"),(100,2012331040,"2012331040@sust.edu",1,"8801xxxxxxxxx","xyz street,sylhet", "abc","def","single","A/B/AB/O","islam/hindu/others","1995-12-12","male"),(101,2012331041,"2012331041@sust.edu",1,"8801xxxxxxxxx","xyz street,sylhet", "abc","def","single","A/B/AB/O","islam/hindu/others","1995-12-12","male"),(102,2012331042,"2012331042@sust.edu",1,"8801xxxxxxxxx","xyz street,sylhet", "abc","def","single","A/B/AB/O","islam/hindu/others","1995-12-12","female"),(103,2012331043,"2012331043@sust.edu",1,"8801xxxxxxxxx","xyz street,sylhet", "abc","def","single","A/B/AB/O","islam/hindu/others","1995-12-12","male"),(104,2012331044,"2012331044@sust.edu",1,"8801xxxxxxxxx","xyz street,sylhet", "abc","def","single","A/B/AB/O","islam/hindu/others","1995-12-12","male"),(105,2012331045,"2012331045@sust.edu",1,"8801xxxxxxxxx","xyz street,sylhet", "abc","def","single","A/B/AB/O","islam/hindu/others","1995-12-12","female"),(106,2012331046,"2012331046@sust.edu",1,"8801xxxxxxxxx","xyz street,sylhet", "abc","def","single","A/B/AB/O","islam/hindu/others","1995-12-12","male"),(107,2012331047,"2012331047@sust.edu",1,"8801xxxxxxxxx","xyz street,sylhet", "abc","def","single","A/B/AB/O","islam/hindu/others","1995-12-12","male"),(108,2012331048,"2012331048@sust.edu",1,"8801xxxxxxxxx","xyz street,sylhet", "abc","def","single","A/B/AB/O","islam/hindu/others","1995-12-12","female"),(109,2012331049,"2012331049@sust.edu",1,"8801xxxxxxxxx","xyz street,sylhet", "abc","def","single","A/B/AB/O","islam/hindu/others","1995-12-12","male"),(110,2012331050,"2012331050@sust.edu",1,"8801xxxxxxxxx","xyz street,sylhet", "abc","def","single","A/B/AB/O","islam/hindu/others","1995-12-12","male"),(111,2012331051,"2012331051@sust.edu",1,"8801xxxxxxxxx","xyz street,sylhet", "abc","def","single","A/B/AB/O","islam/hindu/others","1995-12-12","female"),(112,2012331052,"2012331052@sust.edu",1,"8801xxxxxxxxx","xyz street,sylhet", "abc","def","single","A/B/AB/O","islam/hindu/others","1995-12-12","male"),(113,2012331053,"2012331053@sust.edu",1,"8801xxxxxxxxx","xyz street,sylhet", "abc","def","single","A/B/AB/O","islam/hindu/others","1995-12-12","male"),(114,2012331054,"2012331054@sust.edu",1,"8801xxxxxxxxx","xyz street,sylhet", "abc","def","single","A/B/AB/O","islam/hindu/others","1995-12-12","female"),(115,2012331055,"2012331055@sust.edu",1,"8801xxxxxxxxx","xyz street,sylhet", "abc","def","single","A/B/AB/O","islam/hindu/others","1995-12-12","male"),(116,2012331056,"2012331056@sust.edu",1,"8801xxxxxxxxx","xyz street,sylhet", "abc","def","single","A/B/AB/O","islam/hindu/others","1995-12-12","male"),(117,2012331057,"2012331057@sust.edu",1,"8801xxxxxxxxx","xyz street,sylhet", "abc","def","single","A/B/AB/O","islam/hindu/others","1995-12-12","female"),(118,2012331058,"2012331058@sust.edu",1,"8801xxxxxxxxx","xyz street,sylhet", "abc","def","single","A/B/AB/O","islam/hindu/others","1995-12-12","male"),(119,2012331059,"2012331059@sust.edu",1,"8801xxxxxxxxx","xyz street,sylhet", "abc","def","single","A/B/AB/O","islam/hindu/others","1995-12-12","male"),(120,2012331060,"2012331060@sust.edu",1,"8801xxxxxxxxx","xyz street,sylhet", "abc","def","single","A/B/AB/O","islam/hindu/others","1995-12-12","female"),(121,2013331001,"2013331001@sust.edu",1,"8801xxxxxxxxx","xyz street,sylhet", "abc","def","single","A/B/AB/O","islam/hindu/others","1995-12-12","male"),(122,2013331002,"2013331002@sust.edu",1,"8801xxxxxxxxx","xyz street,sylhet", "abc","def","single","A/B/AB/O","islam/hindu/others","1995-12-12","male"),(123,2013331003,"2013331003@sust.edu",1,"8801xxxxxxxxx","xyz street,sylhet", "abc","def","single","A/B/AB/O","islam/hindu/others","1995-12-12","female"),(124,2013331004,"2013331004@sust.edu",1,"8801xxxxxxxxx","xyz street,sylhet", "abc","def","single","A/B/AB/O","islam/hindu/others","1995-12-12","male"),(125,2013331005,"2013331005@sust.edu",1,"8801xxxxxxxxx","xyz street,sylhet", "abc","def","single","A/B/AB/O","islam/hindu/others","1995-12-12","male"),(126,2013331006,"2013331006@sust.edu",1,"8801xxxxxxxxx","xyz street,sylhet", "abc","def","single","A/B/AB/O","islam/hindu/others","1995-12-12","female"),(127,2013331007,"2013331007@sust.edu",1,"8801xxxxxxxxx","xyz street,sylhet", "abc","def","single","A/B/AB/O","islam/hindu/others","1995-12-12","male"),(128,2013331008,"2013331008@sust.edu",1,"8801xxxxxxxxx","xyz street,sylhet", "abc","def","single","A/B/AB/O","islam/hindu/others","1995-12-12","male"),(129,2013331009,"2013331009@sust.edu",1,"8801xxxxxxxxx","xyz street,sylhet", "abc","def","single","A/B/AB/O","islam/hindu/others","1995-12-12","female"),(130,2013331010,"2013331010@sust.edu",1,"8801xxxxxxxxx","xyz street,sylhet", "abc","def","single","A/B/AB/O","islam/hindu/others","1995-12-12","male"),(131,2013331011,"2013331011@sust.edu",1,"8801xxxxxxxxx","xyz street,sylhet", "abc","def","single","A/B/AB/O","islam/hindu/others","1995-12-12","male"),(132,2013331012,"2013331012@sust.edu",1,"8801xxxxxxxxx","xyz street,sylhet", "abc","def","single","A/B/AB/O","islam/hindu/others","1995-12-12","female"),(133,2013331013,"2013331013@sust.edu",1,"8801xxxxxxxxx","xyz street,sylhet", "abc","def","single","A/B/AB/O","islam/hindu/others","1995-12-12","male"),(134,2013331014,"2013331014@sust.edu",1,"8801xxxxxxxxx","xyz street,sylhet", "abc","def","single","A/B/AB/O","islam/hindu/others","1995-12-12","male"),(135,2013331015,"2013331015@sust.edu",1,"8801xxxxxxxxx","xyz street,sylhet", "abc","def","single","A/B/AB/O","islam/hindu/others","1995-12-12","female"),(136,2013331016,"2013331016@sust.edu",1,"8801xxxxxxxxx","xyz street,sylhet", "abc","def","single","A/B/AB/O","islam/hindu/others","1995-12-12","male"),(137,2013331017,"2013331017@sust.edu",1,"8801xxxxxxxxx","xyz street,sylhet", "abc","def","single","A/B/AB/O","islam/hindu/others","1995-12-12","male"),(138,2013331018,"2013331018@sust.edu",1,"8801xxxxxxxxx","xyz street,sylhet", "abc","def","single","A/B/AB/O","islam/hindu/others","1995-12-12","female"),(139,2013331019,"2013331019@sust.edu",1,"8801xxxxxxxxx","xyz street,sylhet", "abc","def","single","A/B/AB/O","islam/hindu/others","1995-12-12","male"),(140,2013331020,"2013331020@sust.edu",1,"8801xxxxxxxxx","xyz street,sylhet", "abc","def","single","A/B/AB/O","islam/hindu/others","1995-12-12","male"),(141,2013331021,"2013331021@sust.edu",1,"8801xxxxxxxxx","xyz street,sylhet", "abc","def","single","A/B/AB/O","islam/hindu/others","1995-12-12","female"),(142,2013331022,"2013331022@sust.edu",1,"8801xxxxxxxxx","xyz street,sylhet", "abc","def","single","A/B/AB/O","islam/hindu/others","1995-12-12","male"),(143,2013331023,"2013331023@sust.edu",1,"8801xxxxxxxxx","xyz street,sylhet", "abc","def","single","A/B/AB/O","islam/hindu/others","1995-12-12","male"),(144,2013331024,"2013331024@sust.edu",1,"8801xxxxxxxxx","xyz street,sylhet", "abc","def","single","A/B/AB/O","islam/hindu/others","1995-12-12","female"),(145,2013331025,"2013331025@sust.edu",1,"8801xxxxxxxxx","xyz street,sylhet", "abc","def","single","A/B/AB/O","islam/hindu/others","1995-12-12","male"),(146,2013331026,"2013331026@sust.edu",1,"8801xxxxxxxxx","xyz street,sylhet", "abc","def","single","A/B/AB/O","islam/hindu/others","1995-12-12","male"),(147,2013331027,"2013331027@sust.edu",1,"8801xxxxxxxxx","xyz street,sylhet", "abc","def","single","A/B/AB/O","islam/hindu/others","1995-12-12","female"),(148,2013331028,"2013331028@sust.edu",1,"8801xxxxxxxxx","xyz street,sylhet", "abc","def","single","A/B/AB/O","islam/hindu/others","1995-12-12","male"),(149,2013331029,"2013331029@sust.edu",1,"8801xxxxxxxxx","xyz street,sylhet", "abc","def","single","A/B/AB/O","islam/hindu/others","1995-12-12","male"),(150,2013331030,"2013331030@sust.edu",1,"8801xxxxxxxxx","xyz street,sylhet", "abc","def","single","A/B/AB/O","islam/hindu/others","1995-12-12","female"),(151,2013331031,"2013331031@sust.edu",1,"8801xxxxxxxxx","xyz street,sylhet", "abc","def","single","A/B/AB/O","islam/hindu/others","1995-12-12","male"),(152,2013331032,"2013331032@sust.edu",1,"8801xxxxxxxxx","xyz street,sylhet", "abc","def","single","A/B/AB/O","islam/hindu/others","1995-12-12","male"),(153,2013331033,"2013331033@sust.edu",1,"8801xxxxxxxxx","xyz street,sylhet", "abc","def","single","A/B/AB/O","islam/hindu/others","1995-12-12","female"),(154,2013331034,"2013331034@sust.edu",1,"8801xxxxxxxxx","xyz street,sylhet", "abc","def","single","A/B/AB/O","islam/hindu/others","1995-12-12","male"),(155,2013331035,"2013331035@sust.edu",1,"8801xxxxxxxxx","xyz street,sylhet", "abc","def","single","A/B/AB/O","islam/hindu/others","1995-12-12","male"),(156,2013331036,"2013331036@sust.edu",1,"8801xxxxxxxxx","xyz street,sylhet", "abc","def","single","A/B/AB/O","islam/hindu/others","1995-12-12","female"),(157,2013331037,"2013331037@sust.edu",1,"8801xxxxxxxxx","xyz street,sylhet", "abc","def","single","A/B/AB/O","islam/hindu/others","1995-12-12","male"),(158,2013331038,"2013331038@sust.edu",1,"8801xxxxxxxxx","xyz street,sylhet", "abc","def","single","A/B/AB/O","islam/hindu/others","1995-12-12","male"),(159,2013331039,"2013331039@sust.edu",1,"8801xxxxxxxxx","xyz street,sylhet", "abc","def","single","A/B/AB/O","islam/hindu/others","1995-12-12","female"),(160,2013331040,"2013331040@sust.edu",1,"8801xxxxxxxxx","xyz street,sylhet", "abc","def","single","A/B/AB/O","islam/hindu/others","1995-12-12","male"),(161,2013331041,"2013331041@sust.edu",1,"8801xxxxxxxxx","xyz street,sylhet", "abc","def","single","A/B/AB/O","islam/hindu/others","1995-12-12","male"),(162,2013331042,"2013331042@sust.edu",1,"8801xxxxxxxxx","xyz street,sylhet", "abc","def","single","A/B/AB/O","islam/hindu/others","1995-12-12","female"),(163,2013331043,"2013331043@sust.edu",1,"8801xxxxxxxxx","xyz street,sylhet", "abc","def","single","A/B/AB/O","islam/hindu/others","1995-12-12","male"),(164,2013331044,"2013331044@sust.edu",1,"8801xxxxxxxxx","xyz street,sylhet", "abc","def","single","A/B/AB/O","islam/hindu/others","1995-12-12","male"),(165,2013331045,"2013331045@sust.edu",1,"8801xxxxxxxxx","xyz street,sylhet", "abc","def","single","A/B/AB/O","islam/hindu/others","1995-12-12","female"),(166,2013331046,"2013331046@sust.edu",1,"8801xxxxxxxxx","xyz street,sylhet", "abc","def","single","A/B/AB/O","islam/hindu/others","1995-12-12","male"),(167,2013331047,"2013331047@sust.edu",1,"8801xxxxxxxxx","xyz street,sylhet", "abc","def","single","A/B/AB/O","islam/hindu/others","1995-12-12","male"),(168,2013331048,"2013331048@sust.edu",1,"8801xxxxxxxxx","xyz street,sylhet", "abc","def","single","A/B/AB/O","islam/hindu/others","1995-12-12","female"),(169,2013331049,"2013331049@sust.edu",1,"8801xxxxxxxxx","xyz street,sylhet", "abc","def","single","A/B/AB/O","islam/hindu/others","1995-12-12","male"),(170,2013331050,"2013331050@sust.edu",1,"8801xxxxxxxxx","xyz street,sylhet", "abc","def","single","A/B/AB/O","islam/hindu/others","1995-12-12","male"),(171,2013331051,"2013331051@sust.edu",1,"8801xxxxxxxxx","xyz street,sylhet", "abc","def","single","A/B/AB/O","islam/hindu/others","1995-12-12","female"),(172,2013331052,"2013331052@sust.edu",1,"8801xxxxxxxxx","xyz street,sylhet", "abc","def","single","A/B/AB/O","islam/hindu/others","1995-12-12","male"),(173,2013331053,"2013331053@sust.edu",1,"8801xxxxxxxxx","xyz street,sylhet", "abc","def","single","A/B/AB/O","islam/hindu/others","1995-12-12","male"),(174,2013331054,"2013331054@sust.edu",1,"8801xxxxxxxxx","xyz street,sylhet", "abc","def","single","A/B/AB/O","islam/hindu/others","1995-12-12","female"),(175,2013331055,"2013331055@sust.edu",1,"8801xxxxxxxxx","xyz street,sylhet", "abc","def","single","A/B/AB/O","islam/hindu/others","1995-12-12","male"),(176,2013331056,"2013331056@sust.edu",1,"8801xxxxxxxxx","xyz street,sylhet", "abc","def","single","A/B/AB/O","islam/hindu/others","1995-12-12","male"),(177,2013331057,"2013331057@sust.edu",1,"8801xxxxxxxxx","xyz street,sylhet", "abc","def","single","A/B/AB/O","islam/hindu/others","1995-12-12","female"),(178,2013331058,"2013331058@sust.edu",1,"8801xxxxxxxxx","xyz street,sylhet", "abc","def","single","A/B/AB/O","islam/hindu/others","1995-12-12","male"),(179,2013331059,"2013331059@sust.edu",1,"8801xxxxxxxxx","xyz street,sylhet", "abc","def","single","A/B/AB/O","islam/hindu/others","1995-12-12","male"),(180,2013331060,"2013331060@sust.edu",1,"8801xxxxxxxxx","xyz street,sylhet", "abc","def","single","A/B/AB/O","islam/hindu/others","1995-12-12","female"),(181,2014331001,"2014331001@sust.edu",1,"8801xxxxxxxxx","xyz street,sylhet", "abc","def","single","A/B/AB/O","islam/hindu/others","1995-12-12","male"),(182,2014331002,"2014331002@sust.edu",1,"8801xxxxxxxxx","xyz street,sylhet", "abc","def","single","A/B/AB/O","islam/hindu/others","1995-12-12","male"),(183,2014331003,"2014331003@sust.edu",1,"8801xxxxxxxxx","xyz street,sylhet", "abc","def","single","A/B/AB/O","islam/hindu/others","1995-12-12","female"),(184,2014331004,"2014331004@sust.edu",1,"8801xxxxxxxxx","xyz street,sylhet", "abc","def","single","A/B/AB/O","islam/hindu/others","1995-12-12","male"),(185,2014331005,"2014331005@sust.edu",1,"8801xxxxxxxxx","xyz street,sylhet", "abc","def","single","A/B/AB/O","islam/hindu/others","1995-12-12","male"),(186,2014331006,"2014331006@sust.edu",1,"8801xxxxxxxxx","xyz street,sylhet", "abc","def","single","A/B/AB/O","islam/hindu/others","1995-12-12","female"),(187,2014331007,"2014331007@sust.edu",1,"8801xxxxxxxxx","xyz street,sylhet", "abc","def","single","A/B/AB/O","islam/hindu/others","1995-12-12","male"),(188,2014331008,"2014331008@sust.edu",1,"8801xxxxxxxxx","xyz street,sylhet", "abc","def","single","A/B/AB/O","islam/hindu/others","1995-12-12","male"),(189,2014331009,"2014331009@sust.edu",1,"8801xxxxxxxxx","xyz street,sylhet", "abc","def","single","A/B/AB/O","islam/hindu/others","1995-12-12","female"),(190,2014331010,"2014331010@sust.edu",1,"8801xxxxxxxxx","xyz street,sylhet", "abc","def","single","A/B/AB/O","islam/hindu/others","1995-12-12","male"),(191,2014331011,"2014331011@sust.edu",1,"8801xxxxxxxxx","xyz street,sylhet", "abc","def","single","A/B/AB/O","islam/hindu/others","1995-12-12","male"),(192,2014331012,"2014331012@sust.edu",1,"8801xxxxxxxxx","xyz street,sylhet", "abc","def","single","A/B/AB/O","islam/hindu/others","1995-12-12","female"),(193,2014331013,"2014331013@sust.edu",1,"8801xxxxxxxxx","xyz street,sylhet", "abc","def","single","A/B/AB/O","islam/hindu/others","1995-12-12","male"),(194,2014331014,"2014331014@sust.edu",1,"8801xxxxxxxxx","xyz street,sylhet", "abc","def","single","A/B/AB/O","islam/hindu/others","1995-12-12","male"),(195,2014331015,"2014331015@sust.edu",1,"8801xxxxxxxxx","xyz street,sylhet", "abc","def","single","A/B/AB/O","islam/hindu/others","1995-12-12","female"),(196,2014331016,"2014331016@sust.edu",1,"8801xxxxxxxxx","xyz street,sylhet", "abc","def","single","A/B/AB/O","islam/hindu/others","1995-12-12","male"),(197,2014331017,"2014331017@sust.edu",1,"8801xxxxxxxxx","xyz street,sylhet", "abc","def","single","A/B/AB/O","islam/hindu/others","1995-12-12","male"),(198,2014331018,"2014331018@sust.edu",1,"8801xxxxxxxxx","xyz street,sylhet", "abc","def","single","A/B/AB/O","islam/hindu/others","1995-12-12","female"),(199,2014331019,"2014331019@sust.edu",1,"8801xxxxxxxxx","xyz street,sylhet", "abc","def","single","A/B/AB/O","islam/hindu/others","1995-12-12","male"),(200,2014331020,"2014331020@sust.edu",1,"8801xxxxxxxxx","xyz street,sylhet", "abc","def","single","A/B/AB/O","islam/hindu/others","1995-12-12","male"),(201,2014331021,"2014331021@sust.edu",1,"8801xxxxxxxxx","xyz street,sylhet", "abc","def","single","A/B/AB/O","islam/hindu/others","1995-12-12","female"),(202,2014331022,"2014331022@sust.edu",1,"8801xxxxxxxxx","xyz street,sylhet", "abc","def","single","A/B/AB/O","islam/hindu/others","1995-12-12","male"),(203,2014331023,"2014331023@sust.edu",1,"8801xxxxxxxxx","xyz street,sylhet", "abc","def","single","A/B/AB/O","islam/hindu/others","1995-12-12","male"),(204,2014331024,"2014331024@sust.edu",1,"8801xxxxxxxxx","xyz street,sylhet", "abc","def","single","A/B/AB/O","islam/hindu/others","1995-12-12","female"),(205,2014331025,"2014331025@sust.edu",1,"8801xxxxxxxxx","xyz street,sylhet", "abc","def","single","A/B/AB/O","islam/hindu/others","1995-12-12","male"),(206,2014331026,"2014331026@sust.edu",1,"8801xxxxxxxxx","xyz street,sylhet", "abc","def","single","A/B/AB/O","islam/hindu/others","1995-12-12","male"),(207,2014331027,"2014331027@sust.edu",1,"8801xxxxxxxxx","xyz street,sylhet", "abc","def","single","A/B/AB/O","islam/hindu/others","1995-12-12","female"),(208,2014331028,"2014331028@sust.edu",1,"8801xxxxxxxxx","xyz street,sylhet", "abc","def","single","A/B/AB/O","islam/hindu/others","1995-12-12","male"),(209,2014331029,"2014331029@sust.edu",1,"8801xxxxxxxxx","xyz street,sylhet", "abc","def","single","A/B/AB/O","islam/hindu/others","1995-12-12","male"),(210,2014331030,"2014331030@sust.edu",1,"8801xxxxxxxxx","xyz street,sylhet", "abc","def","single","A/B/AB/O","islam/hindu/others","1995-12-12","female"),(211,2014331031,"2014331031@sust.edu",1,"8801xxxxxxxxx","xyz street,sylhet", "abc","def","single","A/B/AB/O","islam/hindu/others","1995-12-12","male"),(212,2014331032,"2014331032@sust.edu",1,"8801xxxxxxxxx","xyz street,sylhet", "abc","def","single","A/B/AB/O","islam/hindu/others","1995-12-12","male"),(213,2014331033,"2014331033@sust.edu",1,"8801xxxxxxxxx","xyz street,sylhet", "abc","def","single","A/B/AB/O","islam/hindu/others","1995-12-12","female"),(214,2014331034,"2014331034@sust.edu",1,"8801xxxxxxxxx","xyz street,sylhet", "abc","def","single","A/B/AB/O","islam/hindu/others","1995-12-12","male"),(215,2014331035,"2014331035@sust.edu",1,"8801xxxxxxxxx","xyz street,sylhet", "abc","def","single","A/B/AB/O","islam/hindu/others","1995-12-12","male"),(216,2014331036,"2014331036@sust.edu",1,"8801xxxxxxxxx","xyz street,sylhet", "abc","def","single","A/B/AB/O","islam/hindu/others","1995-12-12","female"),(217,2014331037,"2014331037@sust.edu",1,"8801xxxxxxxxx","xyz street,sylhet", "abc","def","single","A/B/AB/O","islam/hindu/others","1995-12-12","male"),(218,2014331038,"2014331038@sust.edu",1,"8801xxxxxxxxx","xyz street,sylhet", "abc","def","single","A/B/AB/O","islam/hindu/others","1995-12-12","male"),(219,2014331039,"2014331039@sust.edu",1,"8801xxxxxxxxx","xyz street,sylhet", "abc","def","single","A/B/AB/O","islam/hindu/others","1995-12-12","female"),(220,2014331040,"2014331040@sust.edu",1,"8801xxxxxxxxx","xyz street,sylhet", "abc","def","single","A/B/AB/O","islam/hindu/others","1995-12-12","male"),(221,2014331041,"2014331041@sust.edu",1,"8801xxxxxxxxx","xyz street,sylhet", "abc","def","single","A/B/AB/O","islam/hindu/others","1995-12-12","male"),(222,2014331042,"2014331042@sust.edu",1,"8801xxxxxxxxx","xyz street,sylhet", "abc","def","single","A/B/AB/O","islam/hindu/others","1995-12-12","female"),(223,2014331043,"2014331043@sust.edu",1,"8801xxxxxxxxx","xyz street,sylhet", "abc","def","single","A/B/AB/O","islam/hindu/others","1995-12-12","male"),(224,2014331044,"2014331044@sust.edu",1,"8801xxxxxxxxx","xyz street,sylhet", "abc","def","single","A/B/AB/O","islam/hindu/others","1995-12-12","male"),(225,2014331045,"2014331045@sust.edu",1,"8801xxxxxxxxx","xyz street,sylhet", "abc","def","single","A/B/AB/O","islam/hindu/others","1995-12-12","female"),(226,2014331046,"2014331046@sust.edu",1,"8801xxxxxxxxx","xyz street,sylhet", "abc","def","single","A/B/AB/O","islam/hindu/others","1995-12-12","male"),(227,2014331047,"2014331047@sust.edu",1,"8801xxxxxxxxx","xyz street,sylhet", "abc","def","single","A/B/AB/O","islam/hindu/others","1995-12-12","male"),(228,2014331048,"2014331048@sust.edu",1,"8801xxxxxxxxx","xyz street,sylhet", "abc","def","single","A/B/AB/O","islam/hindu/others","1995-12-12","female"),(229,2014331049,"2014331049@sust.edu",1,"8801xxxxxxxxx","xyz street,sylhet", "abc","def","single","A/B/AB/O","islam/hindu/others","1995-12-12","male"),(230,2014331050,"2014331050@sust.edu",1,"8801xxxxxxxxx","xyz street,sylhet", "abc","def","single","A/B/AB/O","islam/hindu/others","1995-12-12","male"),(231,2014331051,"2014331051@sust.edu",1,"8801xxxxxxxxx","xyz street,sylhet", "abc","def","single","A/B/AB/O","islam/hindu/others","1995-12-12","female"),(232,2014331052,"2014331052@sust.edu",1,"8801xxxxxxxxx","xyz street,sylhet", "abc","def","single","A/B/AB/O","islam/hindu/others","1995-12-12","male"),(233,2014331053,"2014331053@sust.edu",1,"8801xxxxxxxxx","xyz street,sylhet", "abc","def","single","A/B/AB/O","islam/hindu/others","1995-12-12","male"),(234,2014331054,"2014331054@sust.edu",1,"8801xxxxxxxxx","xyz street,sylhet", "abc","def","single","A/B/AB/O","islam/hindu/others","1995-12-12","female"),(235,2014331055,"2014331055@sust.edu",1,"8801xxxxxxxxx","xyz street,sylhet", "abc","def","single","A/B/AB/O","islam/hindu/others","1995-12-12","male"),(236,2014331056,"2014331056@sust.edu",1,"8801xxxxxxxxx","xyz street,sylhet", "abc","def","single","A/B/AB/O","islam/hindu/others","1995-12-12","male"),(237,2014331057,"2014331057@sust.edu",1,"8801xxxxxxxxx","xyz street,sylhet", "abc","def","single","A/B/AB/O","islam/hindu/others","1995-12-12","female"),(238,2014331058,"2014331058@sust.edu",1,"8801xxxxxxxxx","xyz street,sylhet", "abc","def","single","A/B/AB/O","islam/hindu/others","1995-12-12","male"),(239,2014331059,"2014331059@sust.edu",1,"8801xxxxxxxxx","xyz street,sylhet", "abc","def","single","A/B/AB/O","islam/hindu/others","1995-12-12","male"),(240,2014331060,"2014331060@sust.edu",1,"8801xxxxxxxxx","xyz street,sylhet", "abc","def","single","A/B/AB/O","islam/hindu/others","1995-12-12","female"),(241,2015331001,"2015331001@sust.edu",1,"8801xxxxxxxxx","xyz street,sylhet", "abc","def","single","A/B/AB/O","islam/hindu/others","1995-12-12","male"),(242,2015331002,"2015331002@sust.edu",1,"8801xxxxxxxxx","xyz street,sylhet", "abc","def","single","A/B/AB/O","islam/hindu/others","1995-12-12","male"),(243,2015331003,"2015331003@sust.edu",1,"8801xxxxxxxxx","xyz street,sylhet", "abc","def","single","A/B/AB/O","islam/hindu/others","1995-12-12","female"),(244,2015331004,"2015331004@sust.edu",1,"8801xxxxxxxxx","xyz street,sylhet", "abc","def","single","A/B/AB/O","islam/hindu/others","1995-12-12","male"),(245,2015331005,"2015331005@sust.edu",1,"8801xxxxxxxxx","xyz street,sylhet", "abc","def","single","A/B/AB/O","islam/hindu/others","1995-12-12","male"),(246,2015331006,"2015331006@sust.edu",1,"8801xxxxxxxxx","xyz street,sylhet", "abc","def","single","A/B/AB/O","islam/hindu/others","1995-12-12","female"),(247,2015331007,"2015331007@sust.edu",1,"8801xxxxxxxxx","xyz street,sylhet", "abc","def","single","A/B/AB/O","islam/hindu/others","1995-12-12","male"),(248,2015331008,"2015331008@sust.edu",1,"8801xxxxxxxxx","xyz street,sylhet", "abc","def","single","A/B/AB/O","islam/hindu/others","1995-12-12","male"),(249,2015331009,"2015331009@sust.edu",1,"8801xxxxxxxxx","xyz street,sylhet", "abc","def","single","A/B/AB/O","islam/hindu/others","1995-12-12","female"),(250,2015331010,"2015331010@sust.edu",1,"8801xxxxxxxxx","xyz street,sylhet", "abc","def","single","A/B/AB/O","islam/hindu/others","1995-12-12","male"),(251,2015331011,"2015331011@sust.edu",1,"8801xxxxxxxxx","xyz street,sylhet", "abc","def","single","A/B/AB/O","islam/hindu/others","1995-12-12","male"),(252,2015331012,"2015331012@sust.edu",1,"8801xxxxxxxxx","xyz street,sylhet", "abc","def","single","A/B/AB/O","islam/hindu/others","1995-12-12","female"),(253,2015331013,"2015331013@sust.edu",1,"8801xxxxxxxxx","xyz street,sylhet", "abc","def","single","A/B/AB/O","islam/hindu/others","1995-12-12","male"),(254,2015331014,"2015331014@sust.edu",1,"8801xxxxxxxxx","xyz street,sylhet", "abc","def","single","A/B/AB/O","islam/hindu/others","1995-12-12","male"),(255,2015331015,"2015331015@sust.edu",1,"8801xxxxxxxxx","xyz street,sylhet", "abc","def","single","A/B/AB/O","islam/hindu/others","1995-12-12","female"),(256,2015331016,"2015331016@sust.edu",1,"8801xxxxxxxxx","xyz street,sylhet", "abc","def","single","A/B/AB/O","islam/hindu/others","1995-12-12","male"),(257,2015331017,"2015331017@sust.edu",1,"8801xxxxxxxxx","xyz street,sylhet", "abc","def","single","A/B/AB/O","islam/hindu/others","1995-12-12","male"),(258,2015331018,"2015331018@sust.edu",1,"8801xxxxxxxxx","xyz street,sylhet", "abc","def","single","A/B/AB/O","islam/hindu/others","1995-12-12","female"),(259,2015331019,"2015331019@sust.edu",1,"8801xxxxxxxxx","xyz street,sylhet", "abc","def","single","A/B/AB/O","islam/hindu/others","1995-12-12","male"),(260,2015331020,"2015331020@sust.edu",1,"8801xxxxxxxxx","xyz street,sylhet", "abc","def","single","A/B/AB/O","islam/hindu/others","1995-12-12","male"),(261,2015331021,"2015331021@sust.edu",1,"8801xxxxxxxxx","xyz street,sylhet", "abc","def","single","A/B/AB/O","islam/hindu/others","1995-12-12","female"),(262,2015331022,"2015331022@sust.edu",1,"8801xxxxxxxxx","xyz street,sylhet", "abc","def","single","A/B/AB/O","islam/hindu/others","1995-12-12","male"),(263,2015331023,"2015331023@sust.edu",1,"8801xxxxxxxxx","xyz street,sylhet", "abc","def","single","A/B/AB/O","islam/hindu/others","1995-12-12","male"),(264,2015331024,"2015331024@sust.edu",1,"8801xxxxxxxxx","xyz street,sylhet", "abc","def","single","A/B/AB/O","islam/hindu/others","1995-12-12","female"),(265,2015331025,"2015331025@sust.edu",1,"8801xxxxxxxxx","xyz street,sylhet", "abc","def","single","A/B/AB/O","islam/hindu/others","1995-12-12","male"),(266,2015331026,"2015331026@sust.edu",1,"8801xxxxxxxxx","xyz street,sylhet", "abc","def","single","A/B/AB/O","islam/hindu/others","1995-12-12","male"),(267,2015331027,"2015331027@sust.edu",1,"8801xxxxxxxxx","xyz street,sylhet", "abc","def","single","A/B/AB/O","islam/hindu/others","1995-12-12","female"),(268,2015331028,"2015331028@sust.edu",1,"8801xxxxxxxxx","xyz street,sylhet", "abc","def","single","A/B/AB/O","islam/hindu/others","1995-12-12","male"),(269,2015331029,"2015331029@sust.edu",1,"8801xxxxxxxxx","xyz street,sylhet", "abc","def","single","A/B/AB/O","islam/hindu/others","1995-12-12","male"),(270,2015331030,"2015331030@sust.edu",1,"8801xxxxxxxxx","xyz street,sylhet", "abc","def","single","A/B/AB/O","islam/hindu/others","1995-12-12","female"),(271,2015331031,"2015331031@sust.edu",1,"8801xxxxxxxxx","xyz street,sylhet", "abc","def","single","A/B/AB/O","islam/hindu/others","1995-12-12","male"),(272,2015331032,"2015331032@sust.edu",1,"8801xxxxxxxxx","xyz street,sylhet", "abc","def","single","A/B/AB/O","islam/hindu/others","1995-12-12","male"),(273,2015331033,"2015331033@sust.edu",1,"8801xxxxxxxxx","xyz street,sylhet", "abc","def","single","A/B/AB/O","islam/hindu/others","1995-12-12","female"),(274,2015331034,"2015331034@sust.edu",1,"8801xxxxxxxxx","xyz street,sylhet", "abc","def","single","A/B/AB/O","islam/hindu/others","1995-12-12","male"),(275,2015331035,"2015331035@sust.edu",1,"8801xxxxxxxxx","xyz street,sylhet", "abc","def","single","A/B/AB/O","islam/hindu/others","1995-12-12","male"),(276,2015331036,"2015331036@sust.edu",1,"8801xxxxxxxxx","xyz street,sylhet", "abc","def","single","A/B/AB/O","islam/hindu/others","1995-12-12","female"),(277,2015331037,"2015331037@sust.edu",1,"8801xxxxxxxxx","xyz street,sylhet", "abc","def","single","A/B/AB/O","islam/hindu/others","1995-12-12","male"),(278,2015331038,"2015331038@sust.edu",1,"8801xxxxxxxxx","xyz street,sylhet", "abc","def","single","A/B/AB/O","islam/hindu/others","1995-12-12","male"),(279,2015331039,"2015331039@sust.edu",1,"8801xxxxxxxxx","xyz street,sylhet", "abc","def","single","A/B/AB/O","islam/hindu/others","1995-12-12","female"),(280,2015331040,"2015331040@sust.edu",1,"8801xxxxxxxxx","xyz street,sylhet", "abc","def","single","A/B/AB/O","islam/hindu/others","1995-12-12","male"),(281,2015331041,"2015331041@sust.edu",1,"8801xxxxxxxxx","xyz street,sylhet", "abc","def","single","A/B/AB/O","islam/hindu/others","1995-12-12","male"),(282,2015331042,"2015331042@sust.edu",1,"8801xxxxxxxxx","xyz street,sylhet", "abc","def","single","A/B/AB/O","islam/hindu/others","1995-12-12","female"),(283,2015331043,"2015331043@sust.edu",1,"8801xxxxxxxxx","xyz street,sylhet", "abc","def","single","A/B/AB/O","islam/hindu/others","1995-12-12","male"),(284,2015331044,"2015331044@sust.edu",1,"8801xxxxxxxxx","xyz street,sylhet", "abc","def","single","A/B/AB/O","islam/hindu/others","1995-12-12","male"),(285,2015331045,"2015331045@sust.edu",1,"8801xxxxxxxxx","xyz street,sylhet", "abc","def","single","A/B/AB/O","islam/hindu/others","1995-12-12","female"),(286,2015331046,"2015331046@sust.edu",1,"8801xxxxxxxxx","xyz street,sylhet", "abc","def","single","A/B/AB/O","islam/hindu/others","1995-12-12","male"),(287,2015331047,"2015331047@sust.edu",1,"8801xxxxxxxxx","xyz street,sylhet", "abc","def","single","A/B/AB/O","islam/hindu/others","1995-12-12","male"),(288,2015331048,"2015331048@sust.edu",1,"8801xxxxxxxxx","xyz street,sylhet", "abc","def","single","A/B/AB/O","islam/hindu/others","1995-12-12","female"),(289,2015331049,"2015331049@sust.edu",1,"8801xxxxxxxxx","xyz street,sylhet", "abc","def","single","A/B/AB/O","islam/hindu/others","1995-12-12","male"),(290,2015331050,"2015331050@sust.edu",1,"8801xxxxxxxxx","xyz street,sylhet", "abc","def","single","A/B/AB/O","islam/hindu/others","1995-12-12","male"),(291,2015331051,"2015331051@sust.edu",1,"8801xxxxxxxxx","xyz street,sylhet", "abc","def","single","A/B/AB/O","islam/hindu/others","1995-12-12","female"),(292,2015331052,"2015331052@sust.edu",1,"8801xxxxxxxxx","xyz street,sylhet", "abc","def","single","A/B/AB/O","islam/hindu/others","1995-12-12","male"),(293,2015331053,"2015331053@sust.edu",1,"8801xxxxxxxxx","xyz street,sylhet", "abc","def","single","A/B/AB/O","islam/hindu/others","1995-12-12","male"),(294,2015331054,"2015331054@sust.edu",1,"8801xxxxxxxxx","xyz street,sylhet", "abc","def","single","A/B/AB/O","islam/hindu/others","1995-12-12","female"),(295,2015331055,"2015331055@sust.edu",1,"8801xxxxxxxxx","xyz street,sylhet", "abc","def","single","A/B/AB/O","islam/hindu/others","1995-12-12","male"),(296,2015331056,"2015331056@sust.edu",1,"8801xxxxxxxxx","xyz street,sylhet", "abc","def","single","A/B/AB/O","islam/hindu/others","1995-12-12","male"),(297,2015331057,"2015331057@sust.edu",1,"8801xxxxxxxxx","xyz street,sylhet", "abc","def","single","A/B/AB/O","islam/hindu/others","1995-12-12","female"),(298,2015331058,"2015331058@sust.edu",1,"8801xxxxxxxxx","xyz street,sylhet", "abc","def","single","A/B/AB/O","islam/hindu/others","1995-12-12","male"),(299,2015331059,"2015331059@sust.edu",1,"8801xxxxxxxxx","xyz street,sylhet", "abc","def","single","A/B/AB/O","islam/hindu/others","1995-12-12","male"),(300,2015331060,"2015331060@sust.edu",1,"8801xxxxxxxxx","xyz street,sylhet", "abc","def","single","A/B/AB/O","islam/hindu/others","1995-12-12","female");




















-- populating course_reg table with dummy data
INSERT INTO `course_reg` VALUES (1,241,13),(2,242,13),(3,243,13),(4,244,13),(5,245,13),(6,246,13),(7,247,13),(8,248,13),(9,249,13),(10,250,13),(11,251,13),(12,252,13),(13,253,13),(14,254,13),(15,255,13),(16,256,13),(17,257,13),(18,258,13),(19,259,13),(20,260,13),(21,261,13),(22,262,13),(23,263,13),(24,264,13),(25,265,13),(26,266,13),(27,267,13),(28,268,13),(29,269,13),(30,270,13),(31,271,13),(32,272,13),(33,273,13),(34,274,13),(35,275,13),(36,276,13),(37,277,13),(38,278,13),(39,279,13),(40,280,13),(41,281,13),(42,282,13),(43,283,13),(44,284,13),(45,285,13),(46,286,13),(47,287,13),(48,288,13),(49,289,13),(50,290,13),(51,291,13),(52,292,13),(53,293,13),(54,294,13),(55,295,13),(56,296,13),(57,297,13),(58,298,13),(59,299,13),(60,300,13),(61,241,14),(62,242,14),(63,243,14),(64,244,14),(65,245,14),(66,246,14),(67,247,14),(68,248,14),(69,249,14),(70,250,14),(71,251,14),(72,252,14),(73,253,14),(74,254,14),(75,255,14),(76,256,14),(77,257,14),(78,258,14),(79,259,14),(80,260,14),(81,261,14),(82,262,14),(83,263,14),(84,264,14),(85,265,14),(86,266,14),(87,267,14),(88,268,14),(89,269,14),(90,270,14),(91,271,14),(92,272,14),(93,273,14),(94,274,14),(95,275,14),(96,276,14),(97,277,14),(98,278,14),(99,279,14),(100,280,14),(101,281,14),(102,282,14),(103,283,14),(104,284,14),(105,285,14),(106,286,14),(107,287,14),(108,288,14),(109,289,14),(110,290,14),(111,291,14),(112,292,14),(113,293,14),(114,294,14),(115,295,14),(116,296,14),(117,297,14),(118,298,14),(119,299,14),(120,300,14),(121,241,15),(122,242,15),(123,243,15),(124,244,15),(125,245,15),(126,246,15),(127,247,15),(128,248,15),(129,249,15),(130,250,15),(131,251,15),(132,252,15),(133,253,15),(134,254,15),(135,255,15),(136,256,15),(137,257,15),(138,258,15),(139,259,15),(140,260,15),(141,261,15),(142,262,15),(143,263,15),(144,264,15),(145,265,15),(146,266,15),(147,267,15),(148,268,15),(149,269,15),(150,270,15),(151,271,15),(152,272,15),(153,273,15),(154,274,15),(155,275,15),(156,276,15),(157,277,15),(158,278,15),(159,279,15),(160,280,15),(161,281,15),(162,282,15),(163,283,15),(164,284,15),(165,285,15),(166,286,15),(167,287,15),(168,288,15),(169,289,15),(170,290,15),(171,291,15),(172,292,15),(173,293,15),(174,294,15),(175,295,15),(176,296,15),(177,297,15),(178,298,15),(179,299,15),(180,300,15),(181,241,16),(182,242,16),(183,243,16),(184,244,16),(185,245,16),(186,246,16),(187,247,16),(188,248,16),(189,249,16),(190,250,16),(191,251,16),(192,252,16),(193,253,16),(194,254,16),(195,255,16),(196,256,16),(197,257,16),(198,258,16),(199,259,16),(200,260,16),(201,261,16),(202,262,16),(203,263,16),(204,264,16),(205,265,16),(206,266,16),(207,267,16),(208,268,16),(209,269,16),(210,270,16),(211,271,16),(212,272,16),(213,273,16),(214,274,16),(215,275,16),(216,276,16),(217,277,16),(218,278,16),(219,279,16),(220,280,16),(221,281,16),(222,282,16),(223,283,16),(224,284,16),(225,285,16),(226,286,16),(227,287,16),(228,288,16),(229,289,16),(230,290,16),(231,291,16),(232,292,16),(233,293,16),(234,294,16),(235,295,16),(236,296,16),(237,297,16),(238,298,16),(239,299,16),(240,300,16),(241,241,17),(242,242,17),(243,243,17),(244,244,17),(245,245,17),(246,246,17),(247,247,17),(248,248,17),(249,249,17),(250,250,17),(251,251,17),(252,252,17),(253,253,17),(254,254,17),(255,255,17),(256,256,17),(257,257,17),(258,258,17),(259,259,17),(260,260,17),(261,261,17),(262,262,17),(263,263,17),(264,264,17),(265,265,17),(266,266,17),(267,267,17),(268,268,17),(269,269,17),(270,270,17),(271,271,17),(272,272,17),(273,273,17),(274,274,17),(275,275,17),(276,276,17),(277,277,17),(278,278,17),(279,279,17),(280,280,17),(281,281,17),(282,282,17),(283,283,17),(284,284,17),(285,285,17),(286,286,17),(287,287,17),(288,288,17),(289,289,17),(290,290,17),(291,291,17),(292,292,17),(293,293,17),(294,294,17),(295,295,17),(296,296,17),(297,297,17),(298,298,17),(299,299,17),(300,300,17),(301,241,18),(302,242,18),(303,243,18),(304,244,18),(305,245,18),(306,246,18),(307,247,18),(308,248,18),(309,249,18),(310,250,18),(311,251,18),(312,252,18),(313,253,18),(314,254,18),(315,255,18),(316,256,18),(317,257,18),(318,258,18),(319,259,18),(320,260,18),(321,261,18),(322,262,18),(323,263,18),(324,264,18),(325,265,18),(326,266,18),(327,267,18),(328,268,18),(329,269,18),(330,270,18),(331,271,18),(332,272,18),(333,273,18),(334,274,18),(335,275,18),(336,276,18),(337,277,18),(338,278,18),(339,279,18),(340,280,18),(341,281,18),(342,282,18),(343,283,18),(344,284,18),(345,285,18),(346,286,18),(347,287,18),(348,288,18),(349,289,18),(350,290,18),(351,291,18),(352,292,18),(353,293,18),(354,294,18),(355,295,18),(356,296,18),(357,297,18),(358,298,18),(359,299,18),(360,300,18),(361,241,19),(362,242,19),(363,243,19),(364,244,19),(365,245,19),(366,246,19),(367,247,19),(368,248,19),(369,249,19),(370,250,19),(371,251,19),(372,252,19),(373,253,19),(374,254,19),(375,255,19),(376,256,19),(377,257,19),(378,258,19),(379,259,19),(380,260,19),(381,261,19),(382,262,19),(383,263,19),(384,264,19),(385,265,19),(386,266,19),(387,267,19),(388,268,19),(389,269,19),(390,270,19),(391,271,19),(392,272,19),(393,273,19),(394,274,19),(395,275,19),(396,276,19),(397,277,19),(398,278,19),(399,279,19),(400,280,19),(401,281,19),(402,282,19),(403,283,19),(404,284,19),(405,285,19),(406,286,19),(407,287,19),(408,288,19),(409,289,19),(410,290,19),(411,291,19),(412,292,19),(413,293,19),(414,294,19),(415,295,19),(416,296,19),(417,297,19),(418,298,19),(419,299,19),(420,300,19),(421,241,20),(422,242,20),(423,243,20),(424,244,20),(425,245,20),(426,246,20),(427,247,20),(428,248,20),(429,249,20),(430,250,20),(431,251,20),(432,252,20),(433,253,20),(434,254,20),(435,255,20),(436,256,20),(437,257,20),(438,258,20),(439,259,20),(440,260,20),(441,261,20),(442,262,20),(443,263,20),(444,264,20),(445,265,20),(446,266,20),(447,267,20),(448,268,20),(449,269,20),(450,270,20),(451,271,20),(452,272,20),(453,273,20),(454,274,20),(455,275,20),(456,276,20),(457,277,20),(458,278,20),(459,279,20),(460,280,20),(461,281,20),(462,282,20),(463,283,20),(464,284,20),(465,285,20),(466,286,20),(467,287,20),(468,288,20),(469,289,20),(470,290,20),(471,291,20),(472,292,20),(473,293,20),(474,294,20),(475,295,20),(476,296,20),(477,297,20),(478,298,20),(479,299,20),(480,300,20),(481,241,21),(482,242,21),(483,243,21),(484,244,21),(485,245,21),(486,246,21),(487,247,21),(488,248,21),(489,249,21),(490,250,21),(491,251,21),(492,252,21),(493,253,21),(494,254,21),(495,255,21),(496,256,21),(497,257,21),(498,258,21),(499,259,21),(500,260,21),(501,261,21),(502,262,21),(503,263,21),(504,264,21),(505,265,21),(506,266,21),(507,267,21),(508,268,21),(509,269,21),(510,270,21),(511,271,21),(512,272,21),(513,273,21),(514,274,21),(515,275,21),(516,276,21),(517,277,21),(518,278,21),(519,279,21),(520,280,21),(521,281,21),(522,282,21),(523,283,21),(524,284,21),(525,285,21),(526,286,21),(527,287,21),(528,288,21),(529,289,21),(530,290,21),(531,291,21),(532,292,21),(533,293,21),(534,294,21),(535,295,21),(536,296,21),(537,297,21),(538,298,21),(539,299,21),(540,300,21),(541,181,22),(542,182,22),(543,183,22),(544,184,22),(545,185,22),(546,186,22),(547,187,22),(548,188,22),(549,189,22),(550,190,22),(551,191,22),(552,192,22),(553,193,22),(554,194,22),(555,195,22),(556,196,22),(557,197,22),(558,198,22),(559,199,22),(560,200,22),(561,201,22),(562,202,22),(563,203,22),(564,204,22),(565,205,22),(566,206,22),(567,207,22),(568,208,22),(569,209,22),(570,210,22),(571,211,22),(572,212,22),(573,213,22),(574,214,22),(575,215,22),(576,216,22),(577,217,22),(578,218,22),(579,219,22),(580,220,22),(581,221,22),(582,222,22),(583,223,22),(584,224,22),(585,225,22),(586,226,22),(587,227,22),(588,228,22),(589,229,22),(590,230,22),(591,231,22),(592,232,22),(593,233,22),(594,234,22),(595,235,22),(596,236,22),(597,237,22),(598,238,22),(599,239,22),(600,240,22),(601,181,23),(602,182,23),(603,183,23),(604,184,23),(605,185,23),(606,186,23),(607,187,23),(608,188,23),(609,189,23),(610,190,23),(611,191,23),(612,192,23),(613,193,23),(614,194,23),(615,195,23),(616,196,23),(617,197,23),(618,198,23),(619,199,23),(620,200,23),(621,201,23),(622,202,23),(623,203,23),(624,204,23),(625,205,23),(626,206,23),(627,207,23),(628,208,23),(629,209,23),(630,210,23),(631,211,23),(632,212,23),(633,213,23),(634,214,23),(635,215,23),(636,216,23),(637,217,23),(638,218,23),(639,219,23),(640,220,23),(641,221,23),(642,222,23),(643,223,23),(644,224,23),(645,225,23),(646,226,23),(647,227,23),(648,228,23),(649,229,23),(650,230,23),(651,231,23),(652,232,23),(653,233,23),(654,234,23),(655,235,23),(656,236,23),(657,237,23),(658,238,23),(659,239,23),(660,240,23),(661,181,24),(662,182,24),(663,183,24),(664,184,24),(665,185,24),(666,186,24),(667,187,24),(668,188,24),(669,189,24),(670,190,24),(671,191,24),(672,192,24),(673,193,24),(674,194,24),(675,195,24),(676,196,24),(677,197,24),(678,198,24),(679,199,24),(680,200,24),(681,201,24),(682,202,24),(683,203,24),(684,204,24),(685,205,24),(686,206,24),(687,207,24),(688,208,24),(689,209,24),(690,210,24),(691,211,24),(692,212,24),(693,213,24),(694,214,24),(695,215,24),(696,216,24),(697,217,24),(698,218,24),(699,219,24),(700,220,24),(701,221,24),(702,222,24),(703,223,24),(704,224,24),(705,225,24),(706,226,24),(707,227,24),(708,228,24),(709,229,24),(710,230,24),(711,231,24),(712,232,24),(713,233,24),(714,234,24),(715,235,24),(716,236,24),(717,237,24),(718,238,24),(719,239,24),(720,240,24),(721,181,25),(722,182,25),(723,183,25),(724,184,25),(725,185,25),(726,186,25),(727,187,25),(728,188,25),(729,189,25),(730,190,25),(731,191,25),(732,192,25),(733,193,25),(734,194,25),(735,195,25),(736,196,25),(737,197,25),(738,198,25),(739,199,25),(740,200,25),(741,201,25),(742,202,25),(743,203,25),(744,204,25),(745,205,25),(746,206,25),(747,207,25),(748,208,25),(749,209,25),(750,210,25),(751,211,25),(752,212,25),(753,213,25),(754,214,25),(755,215,25),(756,216,25),(757,217,25),(758,218,25),(759,219,25),(760,220,25),(761,221,25),(762,222,25),(763,223,25),(764,224,25),(765,225,25),(766,226,25),(767,227,25),(768,228,25),(769,229,25),(770,230,25),(771,231,25),(772,232,25),(773,233,25),(774,234,25),(775,235,25),(776,236,25),(777,237,25),(778,238,25),(779,239,25),(780,240,25),(781,181,26),(782,182,26),(783,183,26),(784,184,26),(785,185,26),(786,186,26),(787,187,26),(788,188,26),(789,189,26),(790,190,26),(791,191,26),(792,192,26),(793,193,26),(794,194,26),(795,195,26),(796,196,26),(797,197,26),(798,198,26),(799,199,26),(800,200,26),(801,201,26),(802,202,26),(803,203,26),(804,204,26),(805,205,26),(806,206,26),(807,207,26),(808,208,26),(809,209,26),(810,210,26),(811,211,26),(812,212,26),(813,213,26),(814,214,26),(815,215,26),(816,216,26),(817,217,26),(818,218,26),(819,219,26),(820,220,26),(821,221,26),(822,222,26),(823,223,26),(824,224,26),(825,225,26),(826,226,26),(827,227,26),(828,228,26),(829,229,26),(830,230,26),(831,231,26),(832,232,26),(833,233,26),(834,234,26),(835,235,26),(836,236,26),(837,237,26),(838,238,26),(839,239,26),(840,240,26),(841,181,27),(842,182,27),(843,183,27),(844,184,27),(845,185,27),(846,186,27),(847,187,27),(848,188,27),(849,189,27),(850,190,27),(851,191,27),(852,192,27),(853,193,27),(854,194,27),(855,195,27),(856,196,27),(857,197,27),(858,198,27),(859,199,27),(860,200,27),(861,201,27),(862,202,27),(863,203,27),(864,204,27),(865,205,27),(866,206,27),(867,207,27),(868,208,27),(869,209,27),(870,210,27),(871,211,27),(872,212,27),(873,213,27),(874,214,27),(875,215,27),(876,216,27),(877,217,27),(878,218,27),(879,219,27),(880,220,27),(881,221,27),(882,222,27),(883,223,27),(884,224,27),(885,225,27),(886,226,27),(887,227,27),(888,228,27),(889,229,27),(890,230,27),(891,231,27),(892,232,27),(893,233,27),(894,234,27),(895,235,27),(896,236,27),(897,237,27),(898,238,27),(899,239,27),(900,240,27),(901,181,28),(902,182,28),(903,183,28),(904,184,28),(905,185,28),(906,186,28),(907,187,28),(908,188,28),(909,189,28),(910,190,28),(911,191,28),(912,192,28),(913,193,28),(914,194,28),(915,195,28),(916,196,28),(917,197,28),(918,198,28),(919,199,28),(920,200,28),(921,201,28),(922,202,28),(923,203,28),(924,204,28),(925,205,28),(926,206,28),(927,207,28),(928,208,28),(929,209,28),(930,210,28),(931,211,28),(932,212,28),(933,213,28),(934,214,28),(935,215,28),(936,216,28),(937,217,28),(938,218,28),(939,219,28),(940,220,28),(941,221,28),(942,222,28),(943,223,28),(944,224,28),(945,225,28),(946,226,28),(947,227,28),(948,228,28),(949,229,28),(950,230,28),(951,231,28),(952,232,28),(953,233,28),(954,234,28),(955,235,28),(956,236,28),(957,237,28),(958,238,28),(959,239,28),(960,240,28),(961,181,29),(962,182,29),(963,183,29),(964,184,29),(965,185,29),(966,186,29),(967,187,29),(968,188,29),(969,189,29),(970,190,29),(971,191,29),(972,192,29),(973,193,29),(974,194,29),(975,195,29),(976,196,29),(977,197,29),(978,198,29),(979,199,29),(980,200,29),(981,201,29),(982,202,29),(983,203,29),(984,204,29),(985,205,29),(986,206,29),(987,207,29),(988,208,29),(989,209,29),(990,210,29),(991,211,29),(992,212,29),(993,213,29),(994,214,29),(995,215,29),(996,216,29),(997,217,29),(998,218,29),(999,219,29),(1000,220,29),(1001,221,29),(1002,222,29),(1003,223,29),(1004,224,29),(1005,225,29),(1006,226,29),(1007,227,29),(1008,228,29),(1009,229,29),(1010,230,29),(1011,231,29),(1012,232,29),(1013,233,29),(1014,234,29),(1015,235,29),(1016,236,29),(1017,237,29),(1018,238,29),(1019,239,29),(1020,240,29),(1021,121,30),(1022,122,30),(1023,123,30),(1024,124,30),(1025,125,30),(1026,126,30),(1027,127,30),(1028,128,30),(1029,129,30),(1030,130,30),(1031,131,30),(1032,132,30),(1033,133,30),(1034,134,30),(1035,135,30),(1036,136,30),(1037,137,30),(1038,138,30),(1039,139,30),(1040,140,30),(1041,141,30),(1042,142,30),(1043,143,30),(1044,144,30),(1045,145,30),(1046,146,30),(1047,147,30),(1048,148,30),(1049,149,30),(1050,150,30),(1051,151,30),(1052,152,30),(1053,153,30),(1054,154,30),(1055,155,30),(1056,156,30),(1057,157,30),(1058,158,30),(1059,159,30),(1060,160,30),(1061,161,30),(1062,162,30),(1063,163,30),(1064,164,30),(1065,165,30),(1066,166,30),(1067,167,30),(1068,168,30),(1069,169,30),(1070,170,30),(1071,171,30),(1072,172,30),(1073,173,30),(1074,174,30),(1075,175,30),(1076,176,30),(1077,177,30),(1078,178,30),(1079,179,30),(1080,180,30),(1081,121,31),(1082,122,31),(1083,123,31),(1084,124,31),(1085,125,31),(1086,126,31),(1087,127,31),(1088,128,31),(1089,129,31),(1090,130,31),(1091,131,31),(1092,132,31),(1093,133,31),(1094,134,31),(1095,135,31),(1096,136,31),(1097,137,31),(1098,138,31),(1099,139,31),(1100,140,31),(1101,141,31),(1102,142,31),(1103,143,31),(1104,144,31),(1105,145,31),(1106,146,31),(1107,147,31),(1108,148,31),(1109,149,31),(1110,150,31),(1111,151,31),(1112,152,31),(1113,153,31),(1114,154,31),(1115,155,31),(1116,156,31),(1117,157,31),(1118,158,31),(1119,159,31),(1120,160,31),(1121,161,31),(1122,162,31),(1123,163,31),(1124,164,31),(1125,165,31),(1126,166,31),(1127,167,31),(1128,168,31),(1129,169,31),(1130,170,31),(1131,171,31),(1132,172,31),(1133,173,31),(1134,174,31),(1135,175,31),(1136,176,31),(1137,177,31),(1138,178,31),(1139,179,31),(1140,180,31),(1141,121,32),(1142,122,32),(1143,123,32),(1144,124,32),(1145,125,32),(1146,126,32),(1147,127,32),(1148,128,32),(1149,129,32),(1150,130,32),(1151,131,32),(1152,132,32),(1153,133,32),(1154,134,32),(1155,135,32),(1156,136,32),(1157,137,32),(1158,138,32),(1159,139,32),(1160,140,32),(1161,141,32),(1162,142,32),(1163,143,32),(1164,144,32),(1165,145,32),(1166,146,32),(1167,147,32),(1168,148,32),(1169,149,32),(1170,150,32),(1171,151,32),(1172,152,32),(1173,153,32),(1174,154,32),(1175,155,32),(1176,156,32),(1177,157,32),(1178,158,32),(1179,159,32),(1180,160,32),(1181,161,32),(1182,162,32),(1183,163,32),(1184,164,32),(1185,165,32),(1186,166,32),(1187,167,32),(1188,168,32),(1189,169,32),(1190,170,32),(1191,171,32),(1192,172,32),(1193,173,32),(1194,174,32),(1195,175,32),(1196,176,32),(1197,177,32),(1198,178,32),(1199,179,32),(1200,180,32),(1201,121,33),(1202,122,33),(1203,123,33),(1204,124,33),(1205,125,33),(1206,126,33),(1207,127,33),(1208,128,33),(1209,129,33),(1210,130,33),(1211,131,33),(1212,132,33),(1213,133,33),(1214,134,33),(1215,135,33),(1216,136,33),(1217,137,33),(1218,138,33),(1219,139,33),(1220,140,33),(1221,141,33),(1222,142,33),(1223,143,33),(1224,144,33),(1225,145,33),(1226,146,33),(1227,147,33),(1228,148,33),(1229,149,33),(1230,150,33),(1231,151,33),(1232,152,33),(1233,153,33),(1234,154,33),(1235,155,33),(1236,156,33),(1237,157,33),(1238,158,33),(1239,159,33),(1240,160,33),(1241,161,33),(1242,162,33),(1243,163,33),(1244,164,33),(1245,165,33),(1246,166,33),(1247,167,33),(1248,168,33),(1249,169,33),(1250,170,33),(1251,171,33),(1252,172,33),(1253,173,33),(1254,174,33),(1255,175,33),(1256,176,33),(1257,177,33),(1258,178,33),(1259,179,33),(1260,180,33),(1261,121,34),(1262,122,34),(1263,123,34),(1264,124,34),(1265,125,34),(1266,126,34),(1267,127,34),(1268,128,34),(1269,129,34),(1270,130,34),(1271,131,34),(1272,132,34),(1273,133,34),(1274,134,34),(1275,135,34),(1276,136,34),(1277,137,34),(1278,138,34),(1279,139,34),(1280,140,34),(1281,141,34),(1282,142,34),(1283,143,34),(1284,144,34),(1285,145,34),(1286,146,34),(1287,147,34),(1288,148,34),(1289,149,34),(1290,150,34),(1291,151,34),(1292,152,34),(1293,153,34),(1294,154,34),(1295,155,34),(1296,156,34),(1297,157,34),(1298,158,34),(1299,159,34),(1300,160,34),(1301,161,34),(1302,162,34),(1303,163,34),(1304,164,34),(1305,165,34),(1306,166,34),(1307,167,34),(1308,168,34),(1309,169,34),(1310,170,34),(1311,171,34),(1312,172,34),(1313,173,34),(1314,174,34),(1315,175,34),(1316,176,34),(1317,177,34),(1318,178,34),(1319,179,34),(1320,180,34),(1321,121,35),(1322,122,35),(1323,123,35),(1324,124,35),(1325,125,35),(1326,126,35),(1327,127,35),(1328,128,35),(1329,129,35),(1330,130,35),(1331,131,35),(1332,132,35),(1333,133,35),(1334,134,35),(1335,135,35),(1336,136,35),(1337,137,35),(1338,138,35),(1339,139,35),(1340,140,35),(1341,141,35),(1342,142,35),(1343,143,35),(1344,144,35),(1345,145,35),(1346,146,35),(1347,147,35),(1348,148,35),(1349,149,35),(1350,150,35),(1351,151,35),(1352,152,35),(1353,153,35),(1354,154,35),(1355,155,35),(1356,156,35),(1357,157,35),(1358,158,35),(1359,159,35),(1360,160,35),(1361,161,35),(1362,162,35),(1363,163,35),(1364,164,35),(1365,165,35),(1366,166,35),(1367,167,35),(1368,168,35),(1369,169,35),(1370,170,35),(1371,171,35),(1372,172,35),(1373,173,35),(1374,174,35),(1375,175,35),(1376,176,35),(1377,177,35),(1378,178,35),(1379,179,35),(1380,180,35),(1381,121,36),(1382,122,36),(1383,123,36),(1384,124,36),(1385,125,36),(1386,126,36),(1387,127,36),(1388,128,36),(1389,129,36),(1390,130,36),(1391,131,36),(1392,132,36),(1393,133,36),(1394,134,36),(1395,135,36),(1396,136,36),(1397,137,36),(1398,138,36),(1399,139,36),(1400,140,36),(1401,141,36),(1402,142,36),(1403,143,36),(1404,144,36),(1405,145,36),(1406,146,36),(1407,147,36),(1408,148,36),(1409,149,36),(1410,150,36),(1411,151,36),(1412,152,36),(1413,153,36),(1414,154,36),(1415,155,36),(1416,156,36),(1417,157,36),(1418,158,36),(1419,159,36),(1420,160,36),(1421,161,36),(1422,162,36),(1423,163,36),(1424,164,36),(1425,165,36),(1426,166,36),(1427,167,36),(1428,168,36),(1429,169,36),(1430,170,36),(1431,171,36),(1432,172,36),(1433,173,36),(1434,174,36),(1435,175,36),(1436,176,36),(1437,177,36),(1438,178,36),(1439,179,36),(1440,180,36),(1441,121,37),(1442,122,37),(1443,123,37),(1444,124,37),(1445,125,37),(1446,126,37),(1447,127,37),(1448,128,37),(1449,129,37),(1450,130,37),(1451,131,37),(1452,132,37),(1453,133,37),(1454,134,37),(1455,135,37),(1456,136,37),(1457,137,37),(1458,138,37),(1459,139,37),(1460,140,37),(1461,141,37),(1462,142,37),(1463,143,37),(1464,144,37),(1465,145,37),(1466,146,37),(1467,147,37),(1468,148,37),(1469,149,37),(1470,150,37),(1471,151,37),(1472,152,37),(1473,153,37),(1474,154,37),(1475,155,37),(1476,156,37),(1477,157,37),(1478,158,37),(1479,159,37),(1480,160,37),(1481,161,37),(1482,162,37),(1483,163,37),(1484,164,37),(1485,165,37),(1486,166,37),(1487,167,37),(1488,168,37),(1489,169,37),(1490,170,37),(1491,171,37),(1492,172,37),(1493,173,37),(1494,174,37),(1495,175,37),(1496,176,37),(1497,177,37),(1498,178,37),(1499,179,37),(1500,180,37),(1501,121,38),(1502,122,38),(1503,123,38),(1504,124,38),(1505,125,38),(1506,126,38),(1507,127,38),(1508,128,38),(1509,129,38),(1510,130,38),(1511,131,38),(1512,132,38),(1513,133,38),(1514,134,38),(1515,135,38),(1516,136,38),(1517,137,38),(1518,138,38),(1519,139,38),(1520,140,38),(1521,141,38),(1522,142,38),(1523,143,38),(1524,144,38),(1525,145,38),(1526,146,38),(1527,147,38),(1528,148,38),(1529,149,38),(1530,150,38),(1531,151,38),(1532,152,38),(1533,153,38),(1534,154,38),(1535,155,38),(1536,156,38),(1537,157,38),(1538,158,38),(1539,159,38),(1540,160,38),(1541,161,38),(1542,162,38),(1543,163,38),(1544,164,38),(1545,165,38),(1546,166,38),(1547,167,38),(1548,168,38),(1549,169,38),(1550,170,38),(1551,171,38),(1552,172,38),(1553,173,38),(1554,174,38),(1555,175,38),(1556,176,38),(1557,177,38),(1558,178,38),(1559,179,38),(1560,180,38),(1561,61,39),(1562,62,39),(1563,63,39),(1564,64,39),(1565,65,39),(1566,66,39),(1567,67,39),(1568,68,39),(1569,69,39),(1570,70,39),(1571,71,39),(1572,72,39),(1573,73,39),(1574,74,39),(1575,75,39),(1576,76,39),(1577,77,39),(1578,78,39),(1579,79,39),(1580,80,39),(1581,81,39),(1582,82,39),(1583,83,39),(1584,84,39),(1585,85,39),(1586,86,39),(1587,87,39),(1588,88,39),(1589,89,39),(1590,90,39),(1591,91,39),(1592,92,39),(1593,93,39),(1594,94,39),(1595,95,39),(1596,96,39),(1597,97,39),(1598,98,39),(1599,99,39),(1600,100,39),(1601,101,39),(1602,102,39),(1603,103,39),(1604,104,39),(1605,105,39),(1606,106,39),(1607,107,39),(1608,108,39),(1609,109,39),(1610,110,39),(1611,111,39),(1612,112,39),(1613,113,39),(1614,114,39),(1615,115,39),(1616,116,39),(1617,117,39),(1618,118,39),(1619,119,39),(1620,120,39),(1621,61,40),(1622,62,40),(1623,63,40),(1624,64,40),(1625,65,40),(1626,66,40),(1627,67,40),(1628,68,40),(1629,69,40),(1630,70,40),(1631,71,40),(1632,72,40),(1633,73,40),(1634,74,40),(1635,75,40),(1636,76,40),(1637,77,40),(1638,78,40),(1639,79,40),(1640,80,40),(1641,81,40),(1642,82,40),(1643,83,40),(1644,84,40),(1645,85,40),(1646,86,40),(1647,87,40),(1648,88,40),(1649,89,40),(1650,90,40),(1651,91,40),(1652,92,40),(1653,93,40),(1654,94,40),(1655,95,40),(1656,96,40),(1657,97,40),(1658,98,40),(1659,99,40),(1660,100,40),(1661,101,40),(1662,102,40),(1663,103,40),(1664,104,40),(1665,105,40),(1666,106,40),(1667,107,40),(1668,108,40),(1669,109,40),(1670,110,40),(1671,111,40),(1672,112,40),(1673,113,40),(1674,114,40),(1675,115,40),(1676,116,40),(1677,117,40),(1678,118,40),(1679,119,40),(1680,120,40),(1681,61,41),(1682,62,41),(1683,63,41),(1684,64,41),(1685,65,41),(1686,66,41),(1687,67,41),(1688,68,41),(1689,69,41),(1690,70,41),(1691,71,41),(1692,72,41),(1693,73,41),(1694,74,41),(1695,75,41),(1696,76,41),(1697,77,41),(1698,78,41),(1699,79,41),(1700,80,41),(1701,81,41),(1702,82,41),(1703,83,41),(1704,84,41),(1705,85,41),(1706,86,41),(1707,87,41),(1708,88,41),(1709,89,41),(1710,90,41),(1711,91,41),(1712,92,41),(1713,93,41),(1714,94,41),(1715,95,41),(1716,96,41),(1717,97,41),(1718,98,41),(1719,99,41),(1720,100,41),(1721,101,41),(1722,102,41),(1723,103,41),(1724,104,41),(1725,105,41),(1726,106,41),(1727,107,41),(1728,108,41),(1729,109,41),(1730,110,41),(1731,111,41),(1732,112,41),(1733,113,41),(1734,114,41),(1735,115,41),(1736,116,41),(1737,117,41),(1738,118,41),(1739,119,41),(1740,120,41),(1741,61,42),(1742,62,42),(1743,63,42),(1744,64,42),(1745,65,42),(1746,66,42),(1747,67,42),(1748,68,42),(1749,69,42),(1750,70,42),(1751,71,42),(1752,72,42),(1753,73,42),(1754,74,42),(1755,75,42),(1756,76,42),(1757,77,42),(1758,78,42),(1759,79,42),(1760,80,42),(1761,81,42),(1762,82,42),(1763,83,42),(1764,84,42),(1765,85,42),(1766,86,42),(1767,87,42),(1768,88,42),(1769,89,42),(1770,90,42),(1771,91,42),(1772,92,42),(1773,93,42),(1774,94,42),(1775,95,42),(1776,96,42),(1777,97,42),(1778,98,42),(1779,99,42),(1780,100,42),(1781,101,42),(1782,102,42),(1783,103,42),(1784,104,42),(1785,105,42),(1786,106,42),(1787,107,42),(1788,108,42),(1789,109,42),(1790,110,42),(1791,111,42),(1792,112,42),(1793,113,42),(1794,114,42),(1795,115,42),(1796,116,42),(1797,117,42),(1798,118,42),(1799,119,42),(1800,120,42),(1801,61,43),(1802,62,43),(1803,63,43),(1804,64,43),(1805,65,43),(1806,66,43),(1807,67,43),(1808,68,43),(1809,69,43),(1810,70,43),(1811,71,43),(1812,72,43),(1813,73,43),(1814,74,43),(1815,75,43),(1816,76,43),(1817,77,43),(1818,78,43),(1819,79,43),(1820,80,43),(1821,81,43),(1822,82,43),(1823,83,43),(1824,84,43),(1825,85,43),(1826,86,43),(1827,87,43),(1828,88,43),(1829,89,43),(1830,90,43),(1831,91,43),(1832,92,43),(1833,93,43),(1834,94,43),(1835,95,43),(1836,96,43),(1837,97,43),(1838,98,43),(1839,99,43),(1840,100,43),(1841,101,43),(1842,102,43),(1843,103,43),(1844,104,43),(1845,105,43),(1846,106,43),(1847,107,43),(1848,108,43),(1849,109,43),(1850,110,43),(1851,111,43),(1852,112,43),(1853,113,43),(1854,114,43),(1855,115,43),(1856,116,43),(1857,117,43),(1858,118,43),(1859,119,43),(1860,120,43),(1861,61,44),(1862,62,44),(1863,63,44),(1864,64,44),(1865,65,44),(1866,66,44),(1867,67,44),(1868,68,44),(1869,69,44),(1870,70,44),(1871,71,44),(1872,72,44),(1873,73,44),(1874,74,44),(1875,75,44),(1876,76,44),(1877,77,44),(1878,78,44),(1879,79,44),(1880,80,44),(1881,81,44),(1882,82,44),(1883,83,44),(1884,84,44),(1885,85,44),(1886,86,44),(1887,87,44),(1888,88,44),(1889,89,44),(1890,90,44),(1891,91,44),(1892,92,44),(1893,93,44),(1894,94,44),(1895,95,44),(1896,96,44),(1897,97,44),(1898,98,44),(1899,99,44),(1900,100,44),(1901,101,44),(1902,102,44),(1903,103,44),(1904,104,44),(1905,105,44),(1906,106,44),(1907,107,44),(1908,108,44),(1909,109,44),(1910,110,44),(1911,111,44),(1912,112,44),(1913,113,44),(1914,114,44),(1915,115,44),(1916,116,44),(1917,117,44),(1918,118,44),(1919,119,44),(1920,120,44),(1921,61,45),(1922,62,45),(1923,63,45),(1924,64,45),(1925,65,45),(1926,66,45),(1927,67,45),(1928,68,45),(1929,69,45),(1930,70,45),(1931,71,45),(1932,72,45),(1933,73,45),(1934,74,45),(1935,75,45),(1936,76,45),(1937,77,45),(1938,78,45),(1939,79,45),(1940,80,45),(1941,81,45),(1942,82,45),(1943,83,45),(1944,84,45),(1945,85,45),(1946,86,45),(1947,87,45),(1948,88,45),(1949,89,45),(1950,90,45),(1951,91,45),(1952,92,45),(1953,93,45),(1954,94,45),(1955,95,45),(1956,96,45),(1957,97,45),(1958,98,45),(1959,99,45),(1960,100,45),(1961,101,45),(1962,102,45),(1963,103,45),(1964,104,45),(1965,105,45),(1966,106,45),(1967,107,45),(1968,108,45),(1969,109,45),(1970,110,45),(1971,111,45),(1972,112,45),(1973,113,45),(1974,114,45),(1975,115,45),(1976,116,45),(1977,117,45),(1978,118,45),(1979,119,45),(1980,120,45),(1981,1,24),(1982,2,37),(1983,3,14),(1984,4,29),(1985,5,27),(1986,6,26),(1987,7,19),(1988,8,19),(1989,9,26),(1990,10,30),(1991,11,29),(1992,12,28),(1993,13,24),(1994,14,29),(1995,15,15),(1996,16,32),(1997,17,35),(1998,18,17),(1999,19,36),(2000,20,16),(2001,21,37),(2002,22,25),(2003,23,14),(2004,24,29),(2005,25,20),(2006,26,19),(2007,27,30),(2008,28,34),(2009,29,35),(2010,30,31),(2011,31,33),(2012,32,29),(2013,33,24),(2014,34,29),(2015,35,30),(2016,36,27),(2017,37,37),(2018,38,17),(2019,39,17),(2020,40,26),(2021,41,16),(2022,42,14),(2023,43,28),(2024,44,14),(2025,45,37),(2026,46,26),(2027,47,34),(2028,48,14),(2029,49,15),(2030,50,20),(2031,51,19),(2032,52,13),(2033,53,28),(2034,54,27),(2035,55,29),(2036,56,35),(2037,57,15),(2038,58,15),(2039,59,22),(2040,60,18);